provisional id	miRDeep2 score	estimated probability that the miRNA candidate is a true positive	rfam alert	total read count	mature read count	loop read count	star read count	significant randfold p-value	miRBase miRNA	example miRBase miRNA with the same seed	UCSC browser	NCBI blastn	consensus mature sequence	consensus star sequence	consensus precursor sequence	precursor coordinate
chr9_12019	55.2	0 +/- 3%	-	117	108	0	9	no	-	-	-	-	ugugggaaggaacuacaagaca	acuugugguuuuacuugacuca	acuugugguuuuacuugacucacaggacugacuguuaggucugugggaaggaacuacaagaca	chr9:15313866..15313929:+
chr3_7870	21.6	0 +/- 3%	-	47	33	0	14	no	-	-	-	-	uggccguucgucuguuugc	uuucgugauguccggucguggc	uggccguucgucuguuugcgcuuucgugauguccggucguggc	chr3:96245552..96245595:+
chr3_8183	21.4	0 +/- 3%	-	47	33	0	14	no	-	-	-	-	uggccguucgucuguuugc	uuucgugauguccggucguggc	uggccguucgucuguuugcgcuuucgugauguccggucguggc	chr3:96240235..96240278:-
chr13_2417	6.6	2 +/- 9%	-	10	7	0	3	yes	-	-	-	-	agacgggcucucaugcugaca	cuugcaugugggccugugugcu	cuugcaugugggccugugugcuauaaugucacuugcuaacagacgggcucucaugcugaca	chr13:24980055..24980116:+
chr4_8552	6.6	2 +/- 9%	-	21	18	0	3	no	-	-	-	-	cagcagaggaaauccagacgggu	cugucucuacaacucugccac	cagcagaggaaauccagacgggucguuuccauccgcccuggggccugucucuacaacucugccac	chr4:123293213..123293278:+
chr7_10760	3.5	11 +/- 16%	-	4	2	0	2	yes	-	-	-	-	ugggucagaacccuggcuggug	cccggcucugguucuguucucag	ugggucagaacccuggcuggugccuacugacacccggcucugguucuguucucag	chr7:101384806..101384861:+
chr14_3294	3.3	11 +/- 16%	-	4	3	0	1	yes	-	-	-	-	uuggccuggccauuaugcugaca	ucagccuguggucagagccagug	ucagccuguggucagagccagugguguguggcauuggccuggccauuaugcugaca	chr14:54724804..54724860:-
chr7_10914	3.2	11 +/- 16%	-	3	2	0	1	yes	-	-	-	-	acagucaaagccccugccucgu	gaggcagggggaugacug	gaggcagggggaugacugugagugauuuugucacagucaaagccccugccucgu	chr7:7298890..7298944:-
chr8_11960	3	11 +/- 16%	-	24	24	0	0	yes	-	-	-	-	uggccgcugcggccggggacgg	cgccccugccgccgcggccucc	cgccccugccgccgcggccucccgcuccccgcccccgcccagcgccauggccgcugcggccggggacgg	chr8:123254063..123254132:-
chr3_8134	2.7	13 +/- 12%	-	173	172	0	1	yes	-	-	-	-	cggcggcggcggcggcucug	gcggcagcggcggcggca	gcggcagcggcggcggcagcggcggcggcggcggcggcucug	chr3:88950685..88950727:-
chr17_4711	2.6	13 +/- 12%	-	15	15	0	0	yes	-	-	-	-	gccgcuggugcucugaccg	guugcagaaggagcggagcggccg	guugcagaaggagcggagcggccgcugcucaauggcggaaaagccgcuggugcucugaccg	chr17:84957997..84958058:+
chr11_791	2.5	13 +/- 12%	-	21	21	0	0	yes	-	-	-	-	ugccugcucuucuguucucugga	cagggagcagagguggaggcugc	cagggagcagagguggaggcugcagucagcugccugcucuucuguucucugga	chr11:60248702..60248755:+
chr2_6806	2.5	13 +/- 12%	-	348	348	0	0	yes	-	-	-	-	aucucgcuggggccucca	ggggcccaaguguugagaa	aucucgcuggggccuccaauuguuggaccccaggggcccaaguguugagaa	chr2:28495932..28495983:+
chr11_1465	2.4	13 +/- 12%	-	16	16	0	0	yes	-	-	-	-	uugggaagcagaacuggcg	uucuuucuggcuucccagag	uugggaagcagaacuggcgugaguucuuucuggcuucccagag	chr11:94410135..94410178:-
chr4_8867	2.4	13 +/- 12%	-	91	91	0	0	yes	-	-	-	-	ggggguuggguggaggcuu	gcuucucucuuuccccau	ggggguuggguggaggcuugcuuugaauaaacaggggcuaaccaggcuucucucuuuccccau	chr4:111515209..111515272:-
chr3_8093	2.4	13 +/- 12%	-	21	21	0	0	yes	-	-	-	-	aggaaucuggaaaacaugggcgu	gccuguguccagguuuucc	aggaaucuggaaaacaugggcgugacgugcauggaagagaguggcgccuguguccagguuuucc	chr3:69593552..69593616:-
chr2_7456	2.3	13 +/- 12%	-	47	47	0	0	yes	-	-	-	-	cagacaccucuuccucugcagc	ugccagaaggagggguucccaguu	ugccagaaggagggguucccaguuaucuugagagggucucuccuaacagacaccucuuccucugcagc	chr2:121585983..121586051:-
chr10_414	2.3	13 +/- 12%	-	27	27	0	0	yes	-	-	-	-	uuccggagcgggaggaau	uccuucugugccccccac	uccuucugugccccccaccccccagccacuguuuggcuggcuguuuccggagcgggaggaau	chr10:60739807..60739869:-
chr11_1538	2.3	13 +/- 12%	-	11	11	0	0	yes	-	-	-	-	gccggcagcugcggagcu	cuccgcuucgccaucuc	cuccgcuucgccaucucgggcuuugucuggagacucgcugcccgggcgccggcagcugcggagcu	chr11:102318914..102318979:-
chr4_8591	2.3	13 +/- 12%	-	30	30	0	0	yes	-	-	-	-	accaggaggcugagguca	cccacaaugccucuuguua	cccacaaugccucuuguuauauagaccaggaggcugagguca	chr4:131110353..131110395:+
chr11_1095	2.3	13 +/- 12%	-	1331	1331	0	0	yes	-	-	-	-	ccaugcugggguggaaccuggu	cagguuucccagcuucugu	cagguuucccagcuucugugagcugucacccaugcugggguggaaccuggu	chr11:113300289..113300340:+
chr7_11060	2.2	13 +/- 12%	-	415	415	0	0	yes	-	-	-	-	ugauauagccaagcccgacugu	agucaggcugcuggcuauauuccagg	agucaggcugcuggcuauauuccaggacaagucugguccugauauagccaagcccgacugu	chr7:61750467..61750528:-
chr17_4936	2.2	13 +/- 12%	-	116	116	0	0	yes	-	-	-	-	accuuggcucuagacuguua	acuucuggggccuggccc	acuucuggggccuggccccauucuuaaccuuggcucuagacuguua	chr17:46257939..46257985:-
chr3_8066	2.2	13 +/- 12%	-	30	30	0	0	yes	-	-	-	-	ucugugggucuguuuguccguc	aggagacacaguccuugcaggca	aggagacacaguccuugcaggcaguuccagcacgucugugggucuguuuguccguc	chr3:55887283..55887339:-
chr19_5754	2.2	13 +/- 12%	-	11	11	0	0	yes	-	-	-	-	ccgguccuuucuguccccagg	ugggugacuggaaaggacaagcu	ugggugacuggaaaggacaagcugaggccugcugguuccaccgguccuuucuguccccagg	chr19:6134800..6134861:-
chr3_7801	2.1	13 +/- 12%	-	25	25	0	0	yes	-	-	-	-	ucucuucugcucugugucacagc	uguguggcagggcagucuuuggguga	uguguggcagggcagucuuugggugacagcuguuuguggugucucucuucugcucugugucacagc	chr3:88632210..88632276:+
chr11_792	2.1	13 +/- 12%	-	21	21	0	0	yes	-	-	-	-	ugccugcucuucuguucucugga	caagagcaaaugagcaucucug	ugccugcucuucuguucucuggagaacaagaagcacuuuuucugucauccaagagcaaaugagcaucucug	chr11:60248732..60248803:+
chr7_10808	2	13 +/- 12%	-	287	287	0	0	yes	-	-	-	-	ucuucgggggcguggguu	cccaccgcugccaaggcagg	ucuucgggggcguggguucgaaucccaccgcugccaaggcagg	chr7:120917562..120917605:+
chr18_5193	2	13 +/- 12%	-	10	10	0	0	yes	-	-	-	-	acucuugagagguuagacugga	cagucuaaccucugagggcuu	cagucuaaccucugagggcuuugaugcaggugucaacacucuugagagguuagacugga	chr18:52485950..52486009:+
chr8_11542	2	13 +/- 12%	-	24	24	0	0	yes	-	-	-	-	cacugcucugaaugucaag	ggacuagagcaggca	cacugcucugaaugucaagugagcuacuagggagcaccacacgcuuccggcuggacuagagcaggca	chr8:103574078..103574145:+
chr3_7893	2	13 +/- 12%	-	8	7	0	1	no	-	-	-	-	uggggcucugcagacucaccgu	gggagauccugcagagacc	gggagauccugcagagacccaagcgcuggaguuccuuggggcucugcagacucaccgu	chr3:103576613..103576671:+
chr11_1183	2	13 +/- 12%	-	14	14	0	0	yes	-	-	-	-	ucugugacuccugagcucuguuc	ucagggauaaauggagucacagaca	ucugugacuccugagcucuguuccccaugcuagguucagggauaaauggagucacagaca	chr11:6619810..6619870:-
chr17_4681	2	13 +/- 12%	-	35	34	1	0	yes	-	-	-	-	uuccuuggcugugucugagcacc	ugcugugaugaugccuuaaaauu	ugcugugaugaugccuuaaaauugugguuucgacucacugagaguaacgugaggaccuacaguuccuuggcugugucugagcacc	chr17:71631281..71631366:+
chr13_2795	1.8	0 +/- 1%	-	65	65	0	0	yes	-	-	-	-	agaucagaagagcacacg	uacgcuuuucugugcugu	agaucagaagagcacacggcuagaugugcucagcuacugggagcuuuagcguacgcuuuucugugcugu	chr13:56744257..56744326:-
chr12_1773	1.8	0 +/- 1%	-	371	371	0	0	yes	-	-	-	-	gaggguuggguggaggcu	caccaccaugcccagcu	caccaccaugcccagcuagagaccauuuuuaagauguuuuguuugaggguuggguggaggcu	chr12:49279061..49279123:+
chr2_7438	1.8	0 +/- 1%	-	22	22	0	0	yes	-	-	-	-	uucgcucuggucagaucccacg	uggggcuggcugggggcaca	uggggcuggcugggggcacaguucauauauuucuguucgcucuggucagaucccacg	chr2:113818986..113819043:-
chr2_6845	1.8	0 +/- 1%	-	11	8	3	0	yes	-	-	-	-	ccgaaagcaugggaacagcc	ugagccccagcuuuuaggaa	ugagccccagcuuuuaggaaacagggcuguccuacauguggauggcucugugccgaaagcaugggaacagcc	chr2:32963348..32963420:+
chr15_3458	1.8	0 +/- 1%	-	14	14	0	0	yes	-	-	-	-	agcgggcacagcugggagac	cucccagucgugacaucc	agcgggcacagcugggagacccugugccacuuccuguuucagggacccuguagauuuucucccagucgugacaucc	chr15:36988278..36988354:+
chr6_10043	1.8	0 +/- 1%	-	35	35	0	0	yes	-	-	-	-	cccugcugggguggaaccc	guucuacaaaaccaguauagggcc	guucuacaaaaccaguauagggccagcccugcugggguggaaccc	chr6:106441996..106442041:+
chr5_9563	1.8	0 +/- 1%	-	11	11	0	0	yes	-	-	-	-	ucagcugccgugguucugggc	cuaagcugaugcagcuggaa	ucagcugccgugguucugggcuuuugggaucuaucuguagagccuaagcugaugcagcuggaa	chr5:53157647..53157710:-
chr13_2578	1.8	0 +/- 1%	-	11	11	0	0	yes	-	-	-	-	auggaggacugagaaggugga	cauugguuaagaccuccaaca	auggaggacugagaagguggagcaguucuguaccgugcugccuuccauugguuaagaccuccaaca	chr13:95330598..95330664:+
chr2_7123	1.7	0 +/- 1%	-	126	126	0	0	yes	-	-	-	-	ugugcuuggcugaagagcu	uggccaaaagcacuuc	uggccaaaagcacuuccugugcuuggcugaagagcu	chr2:163677014..163677050:+
chr3_7802	1.7	0 +/- 1%	-	25	25	0	0	yes	-	-	-	-	ucucuucugcucugugucacagc	ugcacugcugaggaacaa	ucucuucugcucugugucacagcaacagaaagcugcacugcugaggaacaa	chr3:88632253..88632304:+
chr5_9363	1.6	0 +/- 1%	-	32	32	0	0	yes	-	-	-	-	ucucugagacccuuuaaccc	gaccaggggucugcagguaaua	gaccaggggucugcagguaauaacaaguggccagauuaaacgggugauaacuguugucucugagacccuuuaaccc	chr5:122510056..122510132:+
chr12_1814	1.6	0 +/- 1%	-	68	68	0	0	yes	-	-	-	-	aagguuuggcucuaagggc	ccugagccaccucac	aagguuuggcucuaagggccuuuaacacccugagccaccucac	chr12:69892156..69892199:+
chr9_12487	1.5	0 +/- 1%	-	64	64	0	0	yes	-	-	-	-	uggggggcggggcggacuu	gucucuucccaccccccacc	uggggggcggggcggacuuugcagcgucucuucccaccccccacc	chr9:53301415..53301460:-
chr8_11510	1.5	0 +/- 1%	-	5	4	0	1	yes	-	-	-	-	uccugcaugucuguacuuugc	caguggucagaacaugcugaaa	uccugcaugucuguacuuugcugaguuucuguguuccugcagcaguggucagaacaugcugaaa	chr8:88747525..88747589:+
chr7_10501	1.4	0 +/- 1%	-	20	20	0	0	yes	-	-	-	-	gaaaggaacuuugaagag	caucaggggugaccuuagcc	caucaggggugaccuuagccacaaugcccaacacuggggaaaggaacuuugaagag	chr7:18050046..18050102:+
chr5_9759	1.3	0 +/- 1%	-	9	9	0	0	yes	-	-	-	-	gggggccggggguggggu	cccacccuacaggucucugc	gggggccggggguggggucacccacccuacaggucucugc	chr5:137531454..137531494:-
chr11_1434	1.3	0 +/- 1%	-	10	10	0	0	yes	-	-	-	-	uaauuaggcucuggaucuguga	acagcgccagcugccuaauugau	acagcgccagcugccuaauugauugucucuguuaauuaggcucuggaucuguga	chr11:86852603..86852657:-
chr8_11766	1.3	0 +/- 1%	-	29	29	0	0	yes	-	-	-	-	guucuuaguugguggagc	ugauuugacugagaaugu	ugauuugacugagaauguccugcauagacgcauguguuuuagcacuuaguucuuaguugguggagc	chr8:66396467..66396533:-
chr1_6031	1.3	0 +/- 1%	-	10	10	0	0	yes	-	-	-	-	acgugugacucaguaaaguaa	acuuuacugagucacacguug	acuuuacugagucacacguugaugaucaacgugugacucaguaaaguaa	chr1:80642059..80642108:+
chr6_10376	1.2	0 +/- 1%	-	10	10	0	0	yes	-	-	-	-	gaccucuugggaucgcgucug	guugcgguucuuugagguucg	guugcgguucuuugagguucggagugggugagaugaaccacugaccucuugggaucgcgucug	chr6:115808093..115808156:-
chr19_5887	1.2	0 +/- 1%	-	21	21	0	0	yes	-	-	-	-	cuagucugaucucggaag	caugaaaucaggcuggaa	cuagucugaucucggaaggagugaccccucuccaugaaaucaggcuggaa	chr19:59720154..59720204:-
chr11_918	1.2	0 +/- 1%	-	12	12	0	0	yes	-	-	-	-	uugggaagguggauaauuugg	aaguuuccaacuccccgca	uugggaagguggauaauuugggcuugacagcucuucuccaaguuuccaacuccccgca	chr11:77977953..77978011:+
chr19_5604	1.2	0 +/- 1%	-	25	25	0	0	yes	-	-	-	-	ugaaugugcuuggcugaga	uacggcaaagaguauaaucaug	ugaaugugcuuggcugagaguuaacagggagcaaggcaggucuuucuauauuucuacggcaaagaguauaaucaug	chr19:31395225..31395301:+
chr17_4426	1.2	0 +/- 1%	-	10	10	0	0	yes	-	-	-	-	acucucucacucugcaugguu	cuuucguacggagagagagagaaa	acucucucacucugcaugguuacacaagguuuuacccgugugacuuucguacggagagagagagaaa	chr17:24720771..24720838:+
chr9_12645	1.1	0 +/- 1%	-	10	10	0	0	yes	-	-	-	-	cccuccuucuucccgucc	aauggauuggaggcau	cccuccuucuucccguccucccccugaacccugcuguggcagauuuauugagguggaauggauuggaggcau	chr9:103523115..103523187:-
chr16_4067	1	0 +/- 1%	-	10	10	0	0	yes	-	-	-	-	cagggauccugauguugg	aaccaucaggcugag	aaccaucaggcugagcucagggauccugauguugg	chr16:77736729..77736764:+
chr4_8685	1	0 +/- 1%	-	8	8	0	0	yes	-	-	-	-	uauccgggugucugcagcug	gcugcugguauccggguguc	gcugcugguauccgggugucugcagcugcugguaucugggugucugcagcugcugguauccgggugucugcagcug	chr4:152511921..152511997:+
chr4_8683	0.9	0 +/- 0%	-	8	8	0	0	yes	-	-	-	-	uauccgggugucugcagcug	gcugcugguaucuggguguc	gcugcugguaucugggugucugcagcugcugguaucugggugucugcagcugcugguauccgggugucugcagcug	chr4:152511825..152511901:+
chr9_12476	0.9	0 +/- 0%	-	201	201	0	0	yes	-	-	-	-	agaagcuggguugagagggca	uauauuccacucaguguuguuga	uauauuccacucaguguuguugauuuauugcauguccucacguuggaagacaugggugagguagaagcuggguugagagggca	chr9:48255674..48255757:-
chr7_11304	0.9	0 +/- 0%	-	19	19	0	0	yes	-	-	-	-	uggugcuguaggcuuuagau	ucagcaaauagcaucucu	ucagcaaauagcaucucuaugggcugccauucugcagucucgccauaagguggugcuguaggcuuuagau	chr7:142170022..142170092:-
chr4_8684	0.9	0 +/- 0%	-	8	8	0	0	yes	-	-	-	-	uauccgggugucugcagcug	gcugcugguauccggguguc	gcugcugguauccgggugucugcagcugcugguaucugggugucugcagcugcugguauccgggugucugcagcug	chr4:152511873..152511949:+
chrX_13176	0.8	0 +/- 0%	-	577	336	0	241	yes	-	-	-	-	auugacagauugauagcucuuuc	gcgauuugucugguuaau	auugacagauugauagcucuuucucaauugcguggauggugguccauggccauucuuaguuguuggagcgauuugucugguuaau	chrX:76128866..76128951:-
chr14_3177	0.8	0 +/- 0%	-	6	5	0	1	no	-	-	-	-	uccgccacccgcucugaagcg	uccagggcgcgguggagagcg	uccgccacccgcucugaagcgcaugagugcagcuccagggcgcgguggagagcg	chr14:4110397..4110451:-
chr2_7367	0.8	0 +/- 0%	rRNA	4512	4512	0	0	yes	-	-	-	-	ucugaucucggaagcuaagcag	gcuugguaccaggaugggaga	ucugaucucggaagcuaagcagggacaggcuugcuugguaccaggaugggaga	chr2:76515102..76515155:-
chr9_12706	0.7	0 +/- 0%	-	7127	932	6195	0	yes	-	-	-	-	cucgacacaaggguuugu	cugcuucugggucaggg	cugcuucugggucaggguuuccuacguagcagagcagcucccucgcugcgaucuauugaaagucagcccucgacacaaggguuugu	chr9:118674952..118675038:-
chr19_5876	0.6	0 +/- 0%	-	24	24	0	0	yes	-	-	-	-	uaacgugugaguguguguuuu	cacacacacacacacguauacu	cacacacacacacacguauacuauauuaucagaaguaacgugugaguguguguuuu	chr19:55112918..55112974:-
chr6_10056	0.6	0 +/- 0%	-	10	10	0	0	yes	-	-	-	-	ugggguuuaagcaggagg	uucugcauucccaga	ugggguuuaagcaggaggugccuguuccaguaggagagucuccagccaggcuugcuucugcauucccaga	chr6:113648681..113648751:+
chrX_12988	0.6	0 +/- 0%	-	17	17	0	0	yes	-	-	-	-	agaguuuuucugggucuu	gacaucugcccaggaucuucugg	agaguuuuucugggucuuguggucucuuagggucuauaugacaucugcccaggaucuucugg	chrX:149899730..149899792:+
chr3_8320	0.6	0 +/- 0%	-	9	9	0	0	yes	-	-	-	-	accaggaguggagccugc	aggugagggucuggagu	aggugagggucuggagugagaauccagagugugggggcagacacauucacaccaggaguggagccugc	chr3:147057717..147057785:-
chr4_9008	0.5	0 +/- 0%	-	8	8	0	0	yes	-	-	-	-	ugccucugcucuccuccugacgc	gacaggguggggcaggcguaga	gacaggguggggcaggcguagaccuuccugccucugcucuccuccugacgc	chr4:141046714..141046765:-
chr4_8497	0.5	0 +/- 0%	-	10	10	0	0	yes	-	-	-	-	uggaagccuuguucuuuug	gaagaaaauaugaggaccaug	gaagaaaauaugaggaccauggccucugaauggaagccuuguucuuuug	chr4:103171595..103171644:+
chrX_13030	0.3	0 +/- 0%	-	10	9	1	0	yes	-	-	-	-	guuucuguaguguagugg	ucucucugcagugaugg	ucucucugcagugauggccgacuaggccaucuuuugaugcauguuucuguaguguagugg	chrX:5724811..5724871:-
chr13_2898	0.2	0 +/- 0%	-	104	104	0	0	yes	-	-	-	-	gaucucaguggaaccucca	aggguuccugggugucac	aggguuccugggugucacacagaucucaguggaaccucca	chr13:118052470..118052510:-
chr5_9686	0.1	0 +/- 0%	-	9	9	0	0	yes	-	-	-	-	cugugcucaacuguuucuuga	agaggcaucuuuucauuggacagga	agaggcaucuuuucauuggacaggagccaugcccaucccuguaaauggucccugugcucaacuguuucuuga	chr5:118092758..118092830:-
chr7_11142	0	0 +/- 0%	-	103	99	4	0	yes	-	-	-	-	ccacugcugucucuccagc	ugugacuugacaacauggau	ugugacuugacaacauggaugcugggaauugaacucagguccucuggaagaguuacaaacucucauccacugcugucucuccagc	chr7:99293287..99293372:-
chr15_3620	0	0 +/- 0%	-	6	6	0	0	yes	-	-	-	-	uguccggucucuccugcc	cacagggagagacgggugcu	uguccggucucuccugcccauggugggcacagggagagacgggugcu	chr15:97871635..97871682:+
chr2_7496	0	0 +/- 0%	-	14	14	0	0	yes	-	-	-	-	ggggauguagcuccguggc	caccacuucccagcca	caccacuucccagccaaaauaaaaucuuaagaaaaaauaauuugggggauguagcuccguggc	chr2:130762424..130762487:-
