tag id	miRDeep2 score	estimated probability that the miRNA is a true positive	rfam alert	total read count	mature read count	loop read count	star read count	significant randfold p-value	mature miRBase miRNA	example miRBase miRNA with the same seed	UCSC browser	NCBI blastn	consensus mature sequence	consensus star sequence	consensus precursor sequence	precursor coordinate
chr6_8320	345813.7	0 +/- 0%	-	678296	677865	0	431	yes	mmu-miR-148a-3p_MIMAT0000516_Mus_musculus_miR-148a-3p	-	-	-	ucagugcacuacagaacuuugu	aaaguucugagacacuccgacu	aaaguucugagacacuccgacucugaguaugauagaagucagugcacuacagaacuuugu	chr6:51269828..51269888:-
chr17_3734	301604.5	0 +/- 0%	-	591583	591581	0	2	yes	mmu-miR-7b-5p_MIMAT0000678_Mus_musculus_miR-7b-5p	-	-	-	uggaagacuugugauuuuguugu	caacaagucacagccagccuca	uggaagacuugugauuuuguuguucugauaugauaugacaacaagucacagccagccuca	chr17:56243016..56243076:+
chr7_8666	270764.9	0 +/- 0%	-	531091	530871	12	208	yes	mmu-miR-7a-5p_MIMAT0000677_Mus_musculus_miR-7a-5p	-	-	-	uggaagacuagugauuuuguugu	caacaagucccagucugccaca	uggaagacuagugauuuuguuguugugucucuguauccaacaacaagucccagucugccaca	chr7:78888294..78888356:+
chr13_2193	270652.9	0 +/- 0%	-	530871	530865	0	6	yes	mmu-miR-7a-5p_MIMAT0000677_Mus_musculus_miR-7a-5p	-	-	-	uggaagacuagugauuuuguugu	caacaaaucacagucugccaua	uggaagacuagugauuuuguuguuuuuagauaacuaaaacgacaacaaaucacagucugccaua	chr13:58392799..58392863:-
chr16_3252	119648.7	0 +/- 0%	-	234683	234679	0	4	yes	mmu-miR-99a-5p_MIMAT0000131_Mus_musculus_miR-99a-5p	-	-	-	aacccguagauccgaucuugu	caagcucguuucuaugggucugu	aacccguagauccgaucuuguggugaaguggaccgcgcaagcucguuucuaugggucugu	chr16:77598939..77598999:+
chr10_445	75761.3	0 +/- 0%	-	148599	148573	0	26	yes	mmu-let-7i-5p_MIMAT0000122_Mus_musculus_let-7i-5p	-	-	-	ugagguaguaguuugugcuguu	cugcgcaagcuacugccuugc	ugagguaguaguuugugcuguuggucggguugugacauugcccgcuguggagauaacugcgcaagcuacugccuugc	chr10:122985642..122985719:-
chr10_210	63054.2	0 +/- 0%	-	123675	123651	0	24	yes	mmu-miR-26a-5p_MIMAT0000533_Mus_musculus_miR-26a-5p	-	-	-	uucaaguaauccaggauaggcu	ccuguucuugauuacuuguuuc	uucaaguaauccaggauaggcuguguccguccaugaggccuguucuugauuacuuguuuc	chr10:126995542..126995602:+
chr9_10016	63029.1	0 +/- 0%	-	123625	123624	0	1	yes	mmu-miR-26a-5p_MIMAT0000533_Mus_musculus_miR-26a-5p	-	-	-	uucaaguaauccaggauaggcu	ccuauucuugguuacuugcacg	uucaaguaauccaggauaggcugugcaggucccaaggggccuauucuugguuacuugcacg	chr9:119031810..119031871:+
chr12_1500	43721.7	0 +/- 0%	-	85756	79229	0	6527	yes	mmu-miR-434-5p_MIMAT0001421_Mus_musculus_miR-434-5p	-	-	-	gcucgacucaugguuugaacc	uuugaaccaucacucgacucc	gcucgacucaugguuugaaccauuacuuaauucgugguuugaaccaucacucgacucc	chr12:109594527..109594585:+
chr2_5981	36542.9	0 +/- 0%	-	71674	71207	0	467	yes	mmu-miR-129-5p_MIMAT0000209_Mus_musculus_miR-129-5p	-	-	-	cuuuuugcggucugggcuugc	aagcccuuaccccaaaaagcau	cuuuuugcggucugggcuugcuguacauaacucaauagccggaagcccuuaccccaaaaagcau	chr2:94241375..94241439:-
chr6_8028	36515.7	0 +/- 0%	-	71621	71207	1	413	yes	mmu-miR-129-5p_MIMAT0000209_Mus_musculus_miR-129-5p	-	-	-	cuuuuugcggucugggcuugc	aagcccuuaccccaaaaagua	cuuuuugcggucugggcuugcuguucucucgacaguagucaggaagcccuuaccccaaaaagua	chr6:29022623..29022687:+
chr16_3254	36507.5	0 +/- 0%	-	71605	71598	1	6	yes	mmu-let-7c-5p_MIMAT0000523_Mus_musculus_let-7c-5p	-	-	-	ugagguaguagguuguaugguu	cuguacaaccuucuagcuuucc	ugagguaguagguuguaugguuuagaguuacacccugggaguuaacuguacaaccuucuagcuuucc	chr16:77599671..77599738:+
chr12_1509	27098.7	0 +/- 0%	-	53150	53123	0	27	yes	mmu-miR-370-3p_MIMAT0001095_Mus_musculus_miR-370-3p	-	-	-	gccugcugggguggaaccuggu	caggucacgucucugcaguu	caggucacgucucugcaguuacacagcucaugagugccugcugggguggaaccuggu	chr12:109618269..109618326:+
chr12_1544	26690.5	0 +/- 0%	-	52350	52259	0	91	yes	mmu-miR-379-5p_MIMAT0000743_Mus_musculus_miR-379-5p	-	-	-	ugguagacuauggaacguagg	uauguaacaugguccacuaac	ugguagacuauggaacguaggcguuauguuuuugaccuauguaacaugguccacuaac	chr12:109709064..109709122:+
chr2_5447	26092.7	0 +/- 0%	-	51177	50976	0	201	yes	mmu-miR-126a-3p_MIMAT0000138_Mus_musculus_miR-126a-3p	-	-	-	ucguaccgugaguaauaaugcg	cauuauuacuuuugguacgcgc	cauuauuacuuuugguacgcgcugugacacuucaaacucguaccgugaguaauaaugcg	chr2:26591364..26591423:+
chr11_653	14473.5	0 +/- 0%	-	28386	10495	4	17887	yes	mmu-miR-132-3p_MIMAT0000144_Mus_musculus_miR-132-3p	-	-	-	uaacagucuacagccauggucgc	accguggcuuucgauuguuacu	accguggcuuucgauuguuacugugggaaccggagguaacagucuacagccauggucgc	chr11:75173686..75173745:+
chr6_8446	14327	0 +/- 0%	-	28098	28083	5	10	yes	mmu-miR-200c-3p_MIMAT0000657_Mus_musculus_miR-200c-3p	-	-	-	uaauacugccggguaaugaugga	gucuuacccagcaguguuugggu	gucuuacccagcaguguuugggugcugguugggagucucuaauacugccggguaaugaugga	chr6:124718323..124718385:-
chr12_1588	12190.5	0 +/- 0%	-	23909	23468	0	441	yes	mmu-miR-382-5p_MIMAT0000747_Mus_musculus_miR-382-5p	-	-	-	gaaguuguucgugguggauucg	aaucauucacggacaacacuu	gaaguuguucgugguggauucgcuuuacuugugacgaaucauucacggacaacacuu	chr12:109733780..109733837:+
chr9_9836	12119.6	0 +/- 0%	-	23769	22797	0	972	yes	mmu-miR-125b-5p_MIMAT0000136_Mus_musculus_miR-125b-5p	-	-	-	ucccugagacccuaacuugug	acggguuaggcucuugggagcu	ucccugagacccuaacuugugauguuuaccguuuaaauccacggguuaggcucuugggagcu	chr9:41581939..41582001:+
chr15_2864	11868.1	0 +/- 0%	-	23275	23265	1	9	yes	mmu-let-7b-5p_MIMAT0000522_Mus_musculus_let-7b-5p	-	-	-	ugagguaguagguugugugguu	cuauacaaccuacugccuuccc	ugagguaguagguugugugguuucagggcagugauguugccccuccgaagauaacuauacaaccuacugccuuccc	chr15:85707324..85707400:+
chr16_3256	11737.7	0 +/- 0%	-	23020	22712	0	308	yes	mmu-miR-125b-5p_MIMAT0000136_Mus_musculus_miR-125b-5p	-	-	-	ucccugagacccuaacuugug	acaagucagguucuugggacc	ucccugagacccuaacuugugagguauuuuaguaacaucacaagucagguucuugggacc	chr16:77646278..77646338:+
chr9_9970	11638.4	0 +/- 0%	-	22825	22819	0	6	yes	mmu-let-7g-5p_MIMAT0000121_Mus_musculus_let-7g-5p	-	-	-	ugagguaguaguuuguacaguu	cuguacaggccacugccuugc	ugagguaguaguuuguacaguuugagggucuaugauaccacccgguacaggagauaacuguacaggccacugccuugc	chr9:106178845..106178923:+
chr17_3512	11098.2	0 +/- 0%	-	21773	19989	0	1784	no	mmu-miR-99b-5p_MIMAT0000132_Mus_musculus_miR-99b-5p	-	-	-	cacccguagaaccgaccuugcg	caagcucgugucuguggguccg	cacccguagaaccgaccuugcggggccuucgccgcacacaagcucgugucuguggguccg	chr17:17830193..17830253:+
chr8_9331	10355.5	0 +/- 0%	-	20309	18680	0	1629	yes	mmu-miR-24-3p_MIMAT0000219_Mus_musculus_miR-24-3p	-	-	-	uggcucaguucagcaggaacag	gugccuacugagcugaaacagu	gugccuacugagcugaaacaguugauuccagugcacuggcucaguucagcaggaacag	chr8:84208838..84208896:+
chr15_3022	10035.1	0 +/- 0%	-	19680	19360	0	320	yes	mmu-miR-151-3p_MIMAT0000161_Mus_musculus_miR-151-3p	-	-	-	cuagacugaggcuccuugagg	ucgaggagcucacagucuagu	ucgaggagcucacagucuaguaugucuccucccuacuagacugaggcuccuugagg	chr15:73254819..73254875:-
chr13_1957	9581	0 +/- 0%	-	18799	18680	0	119	no	mmu-miR-24-3p_MIMAT0000219_Mus_musculus_miR-24-3p	-	-	-	uggcucaguucagcaggaacag	gugccuacugagcugauauc	gugccuacugagcugauaucaguucucauuucacacacuggcucaguucagcaggaacag	chr13:63301212..63301272:+
chr13_2165	8511.7	0 +/- 0%	-	16692	16690	0	2	yes	mmu-let-7f-5p_MIMAT0000525_Mus_musculus_let-7f-5p	-	-	-	ugagguaguagauuguauaguu	cuauacaaucuauugccuuccc	ugagguaguagauuguauaguugugggguagugauuuuacccuguuuaggagauaacuauacaaucuauugccuuccc	chr13:48537832..48537910:-
chr1_4728	7995.7	0 +/- 0%	-	15680	12602	0	3078	yes	mmu-miR-30a-5p_MIMAT0000128_Mus_musculus_miR-30a-5p	-	-	-	uguaaacauccucgacuggaagc	cuuucagucggauguuugcagc	uguaaacauccucgacuggaagcugugaagccacaaaugggcuuucagucggauguuugcagc	chr1:23272273..23272336:+
chr17_3516	7970.4	0 +/- 0%	-	15638	15236	0	402	no	mmu-miR-125a-5p_MIMAT0000135_Mus_musculus_miR-125a-5p	-	-	-	ucccugagacccuuuaaccugug	acaggugagguucuugggagc	ucccugagacccuuuaaccugugaggacguccagggucacaggugagguucuugggagc	chr17:17830816..17830875:+
chr12_1590	7370.8	0 +/- 0%	-	14456	14440	0	16	yes	mmu-miR-134-5p_MIMAT0000146_Mus_musculus_miR-134-5p	-	-	-	ugugacugguugaccagagggg	cugugggccaccuagucacc	ugugacugguugaccagaggggcgugcacucuguucacccugugggccaccuagucacc	chr12:109734144..109734203:+
chr11_657	7152.7	0 +/- 0%	-	14027	13692	0	335	yes	mmu-miR-22-3p_MIMAT0000531_Mus_musculus_miR-22-3p	-	-	-	aagcugccaguugaagaacugu	aguucuucaguggcaagcuuu	aguucuucaguggcaagcuuuauguccugacccagcuaaagcugccaguugaagaacugu	chr11:75463733..75463793:+
chr13_1955	6701.3	0 +/- 0%	-	13141	13097	1	43	yes	mmu-miR-27b-3p_MIMAT0000126_Mus_musculus_miR-27b-3p	-	-	-	uucacaguggcuaaguucug	agagcuuagcugauuggugaac	agagcuuagcugauuggugaacagugauugguuuccgcuuuguucacaguggcuaaguucug	chr13:63300717..63300779:+
chr11_759	6642.8	0 +/- 0%	-	13026	12834	0	192	yes	mmu-miR-152-3p_MIMAT0000162_Mus_musculus_miR-152-3p	-	-	-	ucagugcaugacagaacuugg	agguucugugauacacuccgacu	agguucugugauacacuccgacucgggcucuggagcagucagugcaugacagaacuugg	chr11:96850400..96850459:+
chr12_1565	6622.7	0 +/- 0%	-	12988	12984	0	4	yes	mmu-miR-543-3p_MIMAT0003168_Mus_musculus_miR-543-3p	-	-	-	aaacauucgcggugcacuucuu	gaaguugcccgcguguuuuucg	gaaguugcccgcguguuuuucgcuuuauaugugacgaaacauucgcggugcacuucuu	chr12:109717267..109717325:+
chr6_8270	6499.8	0 +/- 0%	-	12747	12726	0	21	yes	mmu-miR-29a-3p_MIMAT0000535_Mus_musculus_miR-29a-3p	-	-	-	cuagcaccaucugaaaucgguu	ugauuucuuuugguguucagag	ugauuucuuuugguguucagagucaauagaauuuucuagcaccaucugaaaucgguu	chr6:31062673..31062730:-
chr18_4310	6371.2	0 +/- 0%	-	12493	12461	0	32	yes	mmu-miR-143-3p_MIMAT0000247_Mus_musculus_miR-143-3p	-	-	-	ugagaugaagcacuguagcuc	ggugcagugcugcaucucugg	ggugcagugcugcaucucuggucaguugggagucugagaugaagcacuguagcuc	chr18:61649198..61649253:-
chr12_1493	6269.7	0 +/- 0%	-	12295	12241	0	54	yes	mmu-miR-433-3p_MIMAT0001420_Mus_musculus_miR-433-3p	-	-	-	aucaugaugggcuccucggugu	uacggugagccugucauu	uacggugagccugucauuauucagagaggcuagauccucuguguugagaaggaucaugaugggcuccucggugu	chr12:109591728..109591802:+
chrX_10783	5846.6	0 +/- 0%	-	11465	11463	0	2	yes	mmu-miR-672-5p_MIMAT0003735_Mus_musculus_miR-672-5p	-	-	-	ugagguugguguacugugugug	acacacagucacuaucuucga	ugagguugguguacugugugugaguauacauauuuaucacacacagucacuaucuucga	chrX:104116191..104116250:-
chr12_1603	5825.6	0 +/- 0%	-	11424	10815	0	609	yes	mmu-miR-409-3p_MIMAT0001090_Mus_musculus_miR-409-3p	-	-	-	gaauguugcucggugaaccccu	agguuacccgagcaacuuugc	agguuacccgagcaacuuugcaucuggaggacgaauguugcucggugaaccccu	chr12:109743171..109743225:+
chr1_4907	5609.5	0 +/- 0%	-	11001	10998	0	3	yes	mmu-miR-128-3p_MIMAT0000140_Mus_musculus_miR-128-3p	-	-	-	ucacagugaaccggucucuuu	cggggccguagcacugucuga	cggggccguagcacugucugagagguuuacauuucucacagugaaccggucucuuu	chr1:128202368..128202424:+
chr13_2163	5552.7	0 +/- 0%	-	10888	10289	0	599	yes	mmu-let-7d-5p_MIMAT0000383_Mus_musculus_let-7d-5p	-	-	-	agagguaguagguugcauaguu	cuauacgaccugcugccuuuc	agagguaguagguugcauaguuuuagggcagagauuuugcccacaaggaguuaacuauacgaccugcugccuuuc	chr13:48536024..48536099:-
chr11_652	5351.8	0 +/- 0%	-	10502	9505	0	997	no	mmu-miR-212-5p_MIMAT0017053_Mus_musculus_miR-212-5p	-	-	-	accuuggcucuagacugcuuacu	uaacagucuccagucacgg	accuuggcucuagacugcuuacugcccgggccgccuucaguaacagucuccagucacgg	chr11:75173402..75173461:+
chr12_1546	4836.9	0 +/- 0%	-	9494	9210	0	284	no	mmu-miR-411-5p_MIMAT0004747_Mus_musculus_miR-411-5p	-	-	-	uaguagaccguauagcguacg	uauguaacacgguccacuaac	uaguagaccguauagcguacgcuuuaucugugacguauguaacacgguccacuaac	chr12:109710189..109710245:+
chr9_9988	4784.3	0 +/- 0%	-	9381	9342	0	39	yes	mmu-miR-191-5p_MIMAT0000221_Mus_musculus_miR-191-5p	-	-	-	caacggaaucccaaaagcagcug	gcugcacuuggauuucguuc	caacggaaucccaaaagcagcuguugucuccagagcauuccagcugcacuuggauuucguuc	chr9:108568324..108568386:+
chr6_8265	4290.3	0 +/- 0%	-	8413	8404	0	9	yes	mmu-miR-183-5p_MIMAT0000212_Mus_musculus_miR-183-5p	-	-	-	uauggcacugguagaauucacu	ugaauuaccgaagggccaua	uauggcacugguagaauucacugugaacagucucagucagugaauuaccgaagggccaua	chr6:30169672..30169732:-
chr11_1047	3741.3	0 +/- 0%	-	7335	3399	0	3936	yes	mmu-miR-423-5p_MIMAT0004825_Mus_musculus_miR-423-5p	-	-	-	ugaggggcagagagcgagacuuu	agcucggucugaggccccuc	ugaggggcagagagcgagacuuuucuauuuuccaaaagcucggucugaggccccuc	chr11:77078088..77078144:-
chr18_4306	3601	0 +/- 0%	-	7059	7024	0	35	yes	mmu-miR-378a-3p_MIMAT0003151_Mus_musculus_miR-378a-3p	-	-	-	acuggacuuggagucagaaggc	cuccugacuccagguccugugu	cuccugacuccagguccuguguguuaccucgaaauagcacuggacuuggagucagaaggc	chr18:61397836..61397896:-
chr8_9329	3590.5	0 +/- 0%	-	7048	6978	0	70	no	mmu-miR-27a-3p_MIMAT0000537_Mus_musculus_miR-27a-3p	-	-	-	uucacaguggcuaaguuccg	agggcuuagcugcuugugagca	agggcuuagcugcuugugagcaagguccacagcaaagucguguucacaguggcuaaguuccg	chr8:84208684..84208746:+
chr12_1577	3506.5	0 +/- 0%	-	6875	6871	0	4	yes	mmu-miR-300-3p_MIMAT0000378_Mus_musculus_miR-300-3p	-	-	-	uaugcaagggcaagcucucuuc	agagagguuauccuuuguguguu	agagagguuauccuuuguguguuugcuuuacgcgaaaugaauaugcaagggcaagcucucuuc	chr12:109724321..109724384:+
chr1_4730	3377.8	0 +/- 0%	-	6624	6052	0	572	yes	mmu-miR-30c-5p_MIMAT0000514_Mus_musculus_miR-30c-5p	-	-	-	uguaaacauccuacacucucagc	cugggagaaggcuguuuacuc	uguaaacauccuacacucucagcugugaaaaguaagaaagcugggagaaggcuguuuacuc	chr1:23291713..23291774:+
chr11_1081	3273.1	0 +/- 0%	-	6417	6416	0	1	yes	mmu-miR-21a-5p_MIMAT0000530_Mus_musculus_miR-21a-5p	-	-	-	uagcuuaucagacugauguugac	caacagcagucgaugggcuguc	uagcuuaucagacugauguugacuguugaaucucauggcaacagcagucgaugggcuguc	chr11:86584081..86584141:-
chr6_8036	2948.8	0 +/- 0%	-	5781	2684	0	3097	yes	mmu-miR-335-5p_MIMAT0000766_Mus_musculus_miR-335-5p	-	-	-	ucaagagcaauaacgaaaaaug	uuuuucauuauugcuccugacc	ucaagagcaauaacgaaaaauguuuguuuuucguaaaccguuuuucauuauugcuccugacc	chr6:30741313..30741375:+
chr12_1505	2653.3	0 +/- 0%	-	5201	5146	0	55	yes	mmu-miR-341-3p_MIMAT0000588_Mus_musculus_miR-341-3p	-	-	-	ucggucgaucggucggucggu	cggucggccgaucgcucgguc	cggucggccgaucgcucggucugucagucagucggucggucgaucggucggucggu	chr12:109611520..109611576:+
chr1_4828	2555.9	0 +/- 0%	-	5010	4994	0	16	yes	mmu-miR-26b-5p_MIMAT0000534_Mus_musculus_miR-26b-5p	-	-	-	uucaaguaauucaggauagguu	ccuguucuccauuacuuggc	uucaaguaauucaggauagguuguggugcugaccagccuguucuccauuacuuggc	chr1:74394323..74394379:+
chr7_8684	2496.3	0 +/- 0%	-	4903	4858	0	45	yes	mmu-miR-1839-5p_MIMAT0009456_Mus_musculus_miR-1839-5p	-	-	-	aagguagauagaacaggucuug	agaccuacuuaucuaccaacagc	aagguagauagaacaggucuuguuugcaaaauaaauucaagaccuacuuaucuaccaacagc	chr7:81529918..81529980:+
chr12_1484	2462.2	0 +/- 0%	-	4826	4819	0	7	yes	mmu-miR-337-5p_MIMAT0004644_Mus_musculus_miR-337-5p	-	-	-	cggcgucaugcaggaguugauu	uucagcuccuauaugaugccu	cggcgucaugcaggaguugauugcacagccauucagcuccuauaugaugccu	chr12:109585817..109585869:+
chr5_7932	2389.2	0 +/- 0%	-	4691	4677	0	14	no	mmu-miR-25-3p_MIMAT0000652_Mus_musculus_miR-25-3p	-	-	-	cauugcacuugucucggucuga	aggcggagacuugggcaauugcu	aggcggagacuugggcaauugcuggacgcugcccugggcauugcacuugucucggucuga	chr5:138165331..138165391:-
chr19_4460	2278.2	0 +/- 0%	-	4466	3978	0	488	yes	mmu-miR-204-5p_MIMAT0000237_Mus_musculus_miR-204-5p	-	-	-	uucccuuugucauccuaugccug	gcugggaaggcaaagggacgu	uucccuuugucauccuaugccugagaauauaugaaggaggcugggaaggcaaagggacgu	chr19:22750609..22750669:+
chr7_8552	2239.6	0 +/- 0%	-	4390	4152	0	238	yes	mmu-miR-330-5p_MIMAT0004642_Mus_musculus_miR-330-5p	-	-	-	ucucugggccugugucuuagg	caaagcacagggccugcagaga	ucucugggccugugucuuaggcucuucaagauccaacgagcaaagcacagggccugcagaga	chr7:19181485..19181547:+
chr17_3514	1981.8	0 +/- 0%	-	3884	3837	0	47	yes	mmu-let-7e-5p_MIMAT0000524_Mus_musculus_let-7e-5p	-	-	-	ugagguaggagguuguauaguu	cuauacggccuccuagcuuucc	ugagguaggagguuguauaguugaggaagacacccgaggagaucacuauacggccuccuagcuuucc	chr17:17830365..17830432:+
chr19_4524	1750.5	0 +/- 0%	-	3431	3429	0	2	yes	mmu-miR-146b-5p_MIMAT0003475_Mus_musculus_miR-146b-5p	-	-	-	ugagaacugaauuccauaggcug	gcccuagggacucaguucuggug	ugagaacugaauuccauaggcugugagcucuagcagacgcccuagggacucaguucuggug	chr19:46342789..46342850:+
chr15_2929	1540.7	0 +/- 0%	-	3020	2937	0	83	yes	mmu-miR-148b-3p_MIMAT0000580_Mus_musculus_miR-148b-3p	-	-	-	ucagugcaucacagaacuuugu	gaaguucuguuauacacucaggc	gaaguucuguuauacacucaggcuguggcucugaaagucagugcaucacagaacuuugu	chr15:103285147..103285206:+
chr12_1567	1530.3	0 +/- 0%	-	3001	2999	0	2	yes	mmu-miR-495-3p_MIMAT0003456_Mus_musculus_miR-495-3p	-	-	-	aaacaaacauggugcacuucuu	gaaguugcccauguuauuuuu	gaaguugcccauguuauuuuucgcuuuuauuugugacgaaacaaacauggugcacuucuu	chr12:109718756..109718816:+
chr6_8261	1443.9	0 +/- 0%	-	2837	2825	0	12	no	mmu-miR-182-5p_MIMAT0000211_Mus_musculus_miR-182-5p	-	-	-	uuuggcaaugguagaacucaca	ugguucuagacuugccaacu	uuuggcaaugguagaacucacaccgguaagguaaugggacccggugguucuagacuugccaacu	chr6:30165922..30165986:-
chr1_5363	1419.9	0 +/- 0%	-	2790	2770	0	20	no	mmu-miR-1981-5p_MIMAT0009458_Mus_musculus_miR-1981-5p	-	-	-	guaaaggcugggcuuagacgu	caucuaacccuggccuuugaca	guaaaggcugggcuuagacguggccuuuggguguggaaugcacuuccguuuguaaccgccaucuaacccuggccuuugaca	chr1:184822407..184822488:-
chr12_1574	1315.3	0 +/- 0%	-	2578	2063	0	515	yes	mmu-miR-376b-5p_MIMAT0003388_Mus_musculus_miR-376b-5p	-	-	-	guggauauuccuucuaugguu	aucauagaggaacauccacuuu	guggauauuccuucuaugguuacgugcuuccuggauaaucauagaggaacauccacuuu	chr12:109723470..109723529:+
chr3_6492	1191.8	0 +/- 0%	-	2335	2334	0	1	yes	mmu-miR-186-5p_MIMAT0000215_Mus_musculus_miR-186-5p	-	-	-	caaagaauucuccuuuuggg	cuaaggugaauuuuuugggaa	caaagaauucuccuuuugggcuuucucauuuuauuuuaagcccuaaggugaauuuuuugggaa	chr3:157544284..157544347:+
chr12_1735	1150.5	0 +/- 0%	-	2266	2231	0	35	no	mmu-miR-1843b-5p_MIMAT0019345_Mus_musculus_miR-1843b-5p	-	-	-	uauggaggucucugucugacuu	ucugaucguucaccuccauaca	uauggaggucucugucugacuuagaauagcuggcugagucugaucguucaccuccauaca	chr12:80391614..80391674:-
chr12_1608	1021.5	0 +/- 0%	-	2001	1738	0	263	yes	mmu-miR-369-5p_MIMAT0003185_Mus_musculus_miR-369-5p	-	-	-	agaucgaccguguuauauucg	aauaauacaugguugaucuuu	agaucgaccguguuauauucgcuuggcugacuucgaauaauacaugguugaucuuu	chr12:109743430..109743486:+
chrX_10539	895.7	0 +/- 0%	-	1754	1652	0	102	yes	mmu-miR-676-3p_MIMAT0003782_Mus_musculus_miR-676-3p	-	-	-	ccguccugagguuguugagcug	acucuacaaccuuaggacuugc	acucuacaaccuuaggacuugcagaauuaaaggaaugccguccugagguuguugagcug	chrX:100381113..100381172:+
chrX_10424	828	0 +/- 0%	-	1621	1617	0	4	yes	mmu-miR-1198-5p_MIMAT0005859_Mus_musculus_miR-1198-5p	-	-	-	uauguguuccuggcuggcuugg	aagcuagccucuaacucaugg	uauguguuccuggcuggcuugguacucauguguagcccaagcuagccucuaacucaugg	chrX:7807141..7807200:+
chr4_6904	809.6	0 +/- 0%	-	1586	1495	0	91	yes	mmu-miR-872-5p_MIMAT0004934_Mus_musculus_miR-872-5p	-	-	-	aagguuacuuguuaguucagg	ugaacuauugcaguagccuccu	aagguuacuuguuaguucaggaccucauuacuuucugccugaacuauugcaguagccuccu	chr4:94665166..94665227:+
chr6_8272	750.4	0 +/- 0%	-	1470	1469	0	1	yes	mmu-miR-29b-3p_MIMAT0000127_Mus_musculus_miR-29b-3p	-	-	-	uagcaccauuugaaaucaguguu	gcugguuucauauggugguu	gcugguuucauauggugguuuagauuuaaauagugauugucuagcaccauuugaaaucaguguu	chr6:31063024..31063088:-
chr11_556	709.9	0 +/- 0%	-	1391	1221	0	170	yes	mmu-miR-340-5p_MIMAT0004651_Mus_musculus_miR-340-5p	-	-	-	uuauaaagcaaugagacugauu	uccgucucaguuacuuuauagc	uuauaaagcaaugagacugauugucauaugucguuugugggauccgucucaguuacuuuauagc	chr11:50069719..50069783:+
chr11_512	695.1	0 +/- 0%	-	1361	1358	0	3	yes	mmu-miR-216b-5p_MIMAT0003729_Mus_musculus_miR-216b-5p	-	-	-	aaaucucugcaggcaaaugug	acacuuaccuguagagauucuu	aaaucucugcaggcaaaugugaugucacugaagaaaccacacacuuaccuguagagauucuu	chr11:28746203..28746265:+
chr16_3339	684.1	0 +/- 0%	-	1338	1305	0	33	yes	mmu-miR-185-5p_MIMAT0000214_Mus_musculus_miR-185-5p	-	-	-	uggagagaaaggcaguuccuga	aggggcuggcuuuccucuggu	uggagagaaaggcaguuccugaugguccccucccaggggcuggcuuuccucuggu	chr16:18327404..18327459:-
chr1_4983	677.9	0 +/- 0%	-	1327	1073	0	254	yes	mmu-miR-199b-3p_MIMAT0004667_Mus_musculus_miR-199b-3p	-	-	-	acaguagucugcacauugguu	cccaguguucagacuaccuguuc	cccaguguucagacuaccuguucaggacaaugccguuguacaguagucugcacauugguu	chr1:162217843..162217903:+
chr9_10106	677.5	0 +/- 0%	-	1326	1072	0	254	yes	mmu-miR-199b-3p_MIMAT0004667_Mus_musculus_miR-199b-3p	-	-	-	acaguagucugcacauugguu	cccaguguucagacuaccuguuc	cccaguguucagacuaccuguucaggaggcugggacauguacaguagucugcacauugguu	chr9:21496498..21496559:-
chr12_1485	672.4	0 +/- 0%	-	1315	1249	0	66	yes	mmu-miR-540-3p_MIMAT0003167_Mus_musculus_miR-540-3p	-	-	-	aggucagaggucgauccugggc	caagggucacccucugacu	caagggucacccucugacucuguggccaaggguagacaggucagaggucgauccugggc	chr12:109586084..109586143:+
chr7_8734	669.5	0 +/- 0%	-	1310	1249	0	61	yes	mmu-miR-139-5p_MIMAT0000656_Mus_musculus_miR-139-5p	-	-	-	ucuacagugcacgugucuccagu	uggagacgcggcccuguuggagu	ucuacagugcacgugucuccaguguggcucggaggcuggagacgcggcccuguuggagu	chr7:101475381..101475440:+
chr12_1609	624.2	0 +/- 0%	-	1222	1190	0	32	yes	mmu-miR-410-3p_MIMAT0001091_Mus_musculus_miR-410-3p	-	-	-	aauauaacacagauggccugu	agguugucugugaugaguucg	agguugucugugaugaguucgcuuuauuaaugacgaauauaacacagauggccugu	chr12:109743728..109743784:+
chr7_8674	598	0 +/- 0%	-	1170	1115	0	55	yes	mmu-miR-9-5p_MIMAT0000142_Mus_musculus_miR-9-5p	-	-	-	ucuuugguuaucuagcuguaug	auaaagcuagauaaccgaaagu	ucuuugguuaucuagcuguaugagugccacagagccgucauaaagcuagauaaccgaaagu	chr7:79505278..79505339:+
chr3_6320	597.9	0 +/- 0%	-	1170	1115	0	55	yes	mmu-miR-9-5p_MIMAT0000142_Mus_musculus_miR-9-5p	-	-	-	ucuuugguuaucuagcuguaug	auaaagcuagauaaccgaaagu	ucuuugguuaucuagcuguaugagugguguggagucuucauaaagcuagauaaccgaaagu	chr3:88215612..88215673:+
chr13_1982	597.9	0 +/- 0%	-	1170	1115	0	55	yes	mmu-miR-9-5p_MIMAT0000142_Mus_musculus_miR-9-5p	-	-	-	ucuuugguuaucuagcuguaug	auaaagcuagauaaccgaaagu	ucuuugguuaucuagcuguaugaguguauuggucuucauaaagcuagauaaccgaaagu	chr13:83738820..83738879:+
chr16_3212	575.9	0 +/- 0%	-	1127	750	0	377	yes	mmu-miR-28c_MIMAT0019339_Mus_musculus_miR-28c	-	-	-	aaggagcucacagucuauuga	cacuagauugugagcugcugga	aaggagcucacagucuauugaguugccuuucugauucucccacuagauugugagcugcugga	chr16:24827867..24827929:+
chr2_5481	559.5	0 +/- 0%	-	1095	1072	0	23	yes	mmu-miR-199a-3p_MIMAT0000230_Mus_musculus_miR-199a-3p	-	-	-	acaguagucugcacauugguu	cccaguguuuagacuaccuguuc	cccaguguuuagacuaccuguucaggacucccaaauuguacaguagucugcacauugguu	chr2:32318484..32318544:+
chr14_2513	529.6	0 +/- 0%	-	1036	1035	0	1	yes	mmu-miR-92a-3p_MIMAT0000539_Mus_musculus_miR-92a-3p	-	-	-	uauugcacuugucccggccuguu	agguugggauuugucgcaaug	agguugggauuugucgcaaugcuguguuucucuguaugguauugcacuugucccggccuguu	chr14:115044436..115044498:+
chr10_395	524.9	0 +/- 0%	-	1028	911	0	117	yes	mmu-miR-135a-5p_MIMAT0000147_Mus_musculus_miR-135a-5p	-	-	-	uauggcuuuuuauuccuaugug	uguagggauggaagccaugaaa	uauggcuuuuuauuccuaugugaucguaauaaagucucauguagggauggaagccaugaaa	chr10:92072102..92072163:-
chr9_9966	467.6	0 +/- 0%	-	914	913	0	1	yes	mmu-miR-135a-5p_MIMAT0000147_Mus_musculus_miR-135a-5p	-	-	-	uauggcuuuuuauuccuaugug	uauagggauuggagccgugg	uauggcuuuuuauuccuaugugauucuauugcucgcucauauagggauuggagccgugg	chr9:106154139..106154198:+
chr12_1457	460	0 +/- 0%	-	899	786	0	113	yes	mmu-miR-345-3p_MIMAT0004656_Mus_musculus_miR-345-3p	-	-	-	cccugaacuaggggucuggaga	ugcugaccccuaguccagugcu	ugcugaccccuaguccagugcuugugguggcuacugggcccugaacuaggggucuggaga	chr12:108836987..108837047:+
chr5_7936	440.2	0 +/- 0%	-	860	794	0	66	yes	mmu-miR-106b-3p_MIMAT0004582_Mus_musculus_miR-106b-3p	-	-	-	ccgcacuguggguacuugcug	uaaagugcugacagugcagaua	uaaagugcugacagugcagauagugguccucucugugcuaccgcacuguggguacuugcug	chr5:138165746..138165807:-
chr14_2635	364.2	0 +/- 0%	-	712	668	0	44	yes	mmu-miR-16-5p_MIMAT0000527_Mus_musculus_miR-16-5p	-	-	-	uagcagcacguaaauauuggc	ccaguauugacugugcugcugaa	uagcagcacguaaauauuggcguuaagauucugaaauuaccuccaguauugacugugcugcugaa	chr14:61631892..61631957:-
chr8_9234	352.1	0 +/- 0%	-	686	586	0	100	yes	mmu-miR-486a-5p_MIMAT0003130_Mus_musculus_miR-486a-5p	-	-	-	uccuguacugagcugccccgagg	cggggcagcucaguacaggaug	uccuguacugagcugccccgagguccuucacugugcucagcucggggcagcucaguacaggaug	chr8:23142586..23142650:+
chr12_1456	334.7	0 +/- 0%	-	653	549	1	103	yes	mmu-miR-342-5p_MIMAT0004653_Mus_musculus_miR-342-5p	-	-	-	aggggugcuaucugugauugag	ucucacacagaaaucgcacccgu	aggggugcuaucugugauugagggacauggucaauggaauugucucacacagaaaucgcacccgu	chr12:108658637..108658702:+
chr12_1547	331.2	0 +/- 0%	-	646	626	0	20	yes	mmu-miR-299a-3p_MIMAT0004577_Mus_musculus_miR-299a-3p	-	-	-	uaugugggacgguaaaccgcu	ugguuuaccgucccacauacau	ugguuuaccgucccacauacauuuugaguauguaugugggacgguaaaccgcu	chr12:109710643..109710696:+
chr1_4874	330.2	0 +/- 0%	-	644	640	0	4	yes	mmu-miR-149-5p_MIMAT0000159_Mus_musculus_miR-149-5p	-	-	-	ucuggcuccgugucuucacucc	gagggagggacgggggcggugc	ucuggcuccgugucuucacucccguguuuguccgaggagggagggagggacgggggcggugc	chr1:92850380..92850442:+
chr13_1953	319.8	0 +/- 0%	-	625	615	1	9	yes	mmu-miR-23b-3p_MIMAT0000125_Mus_musculus_miR-23b-3p	-	-	-	aucacauugccagggauuacc	ggguuccuggcaugcugauuu	ggguuccuggcaugcugauuugugacuugagauuaaaaucacauugccagggauuacc	chr13:63300491..63300549:+
chrX_10729	311.1	0 +/- 0%	-	607	606	0	1	yes	mmu-miR-224-5p_MIMAT0000671_Mus_musculus_miR-224-5p	-	-	-	uaagucacuagugguuccguuu	aauggugcccuagugacu	uaagucacuagugguuccguuuaguagaugguuugugcauuguuucaaaauggugcccuagugacu	chrX:72261039..72261105:-
chr15_3009	309.8	0 +/- 0%	-	605	347	0	258	yes	mmu-miR-30b-5p_MIMAT0000130_Mus_musculus_miR-30b-5p	-	-	-	uguaaacauccuacacucagcu	cugggauguggauguuuacguc	uguaaacauccuacacucagcugucauacaugcguuggcugggauguggauguuuacguc	chr15:68337430..68337490:-
chr8_9497	303.5	0 +/- 0%	-	591	584	0	7	yes	mmu-miR-486b-5p_MIMAT0014943_Mus_musculus_miR-486b-5p	-	-	-	uccuguacugagcugccccgagc	cggggcagcucaguacaggacc	uccuguacugagcugccccgagcugagcacagugaaggaccucggggcagcucaguacaggacc	chr8:23142584..23142648:-
chr12_1627	277.8	0 +/- 0%	-	542	492	0	50	yes	mmu-miR-153-3p_MIMAT0000163_Mus_musculus_miR-153-3p	-	-	-	uugcauagucacaaaagugauc	ucauuuuugugacguugcagcu	ucauuuuugugacguugcagcuaguaauaugagcccaguugcauagucacaaaagugauc	chr12:117250821..117250881:+
chr8_9613	249.3	0 +/- 0%	-	486	426	0	60	yes	mmu-miR-181c-5p_MIMAT0000674_Mus_musculus_miR-181c-5p	-	-	-	aacauucaaccugucggugagu	accaucgaccguugaguggac	aacauucaaccugucggugaguuugggcagcucagacaaaccaucgaccguugaguggac	chr8:84178885..84178945:-
chr3_6600	249.3	0 +/- 0%	-	485	386	0	99	yes	mmu-miR-92b-3p_MIMAT0004899_Mus_musculus_miR-92b-3p	-	-	-	uauugcacucgucccggccucc	agggacgggacguggugcagugu	agggacgggacguggugcaguguuguucuuuccccugccaauauugcacucgucccggccucc	chr3:89227125..89227188:-
chr18_4236	246.4	0 +/- 0%	-	480	474	0	6	yes	mmu-miR-187-3p_MIMAT0000216_Mus_musculus_miR-187-3p	-	-	-	ucgugucuuguguugcagcc	gcuacaacacaggacccgggcgc	gcuacaacacaggacccgggcgcugcucugaccccucgugucuuguguugcagcc	chr18:24429111..24429166:-
chrX_10795	243.3	0 +/- 0%	-	474	441	0	33	yes	mmu-miR-325-5p_MIMAT0000558_Mus_musculus_miR-325-5p	-	-	-	ccuaguaggugcucaguaagu	uuuauugagcaccuccuauc	ccuaguaggugcucaguaaguguuugugacauaauucguuuauugagcaccuccuauc	chrX:105379106..105379164:-
chr12_1576	226.6	0 +/- 0%	-	444	284	0	160	yes	mmu-miR-376a-5p_MIMAT0003387_Mus_musculus_miR-376a-5p	-	-	-	gguagauucuccuucuaugagu	aucguagaggaaaauccacguu	gguagauucuccuucuaugaguacaauauuaaugacuaaucguagaggaaaauccacguu	chr12:109723785..109723845:+
chrX_10636	222.8	0 +/- 0%	-	434	432	0	2	yes	mmu-miR-501-3p_MIMAT0003509_Mus_musculus_miR-501-3p	-	-	-	aaugcacccgggcaaggauuugg	aauccuuugucccugggugaaa	aauccuuugucccugggugaaaaugcuauuuguaugcaaugcacccgggcaaggauuugg	chrX:7241268..7241328:-
chr5_7431	212	0 +/- 0%	-	412	359	0	53	yes	mmu-miR-671-3p_MIMAT0004821_Mus_musculus_miR-671-3p	-	-	-	uccgguucucagggcuccacc	aggaagcccuggaggggcuggag	aggaagcccuggaggggcuggaggugauggauguuuuccuccgguucucagggcuccacc	chr5:24592131..24592191:+
chr7_9192	194.5	0 +/- 0%	-	378	373	0	5	yes	mmu-miR-210-3p_MIMAT0000658_Mus_musculus_miR-210-3p	-	-	-	cugugcgugugacagcggcugau	agccacugcccaccgcacacugc	agccacugcccaccgcacacugcguugcuccggacccacugugcgugugacagcggcugau	chr7:141221405..141221466:-
chr18_4307	181.9	0 +/- 0%	-	354	127	1	226	yes	mmu-miR-145a-5p_MIMAT0000157_Mus_musculus_miR-145a-5p	-	-	-	guccaguuuucccaggaaucccu	auuccuggaaauacuguucuu	guccaguuuucccaggaaucccuuggaugcuaagauggggauuccuggaaauacuguucuu	chr18:61647827..61647888:-
chr12_1550	168.2	0 +/- 0%	-	328	125	0	203	yes	mmu-miR-380-3p_MIMAT0000745_Mus_musculus_miR-380-3p	-	-	-	uauguaguaugguccacaucu	augguugaccauagaacaugcg	augguugaccauagaacaugcgcuacuucugugucguauguaguaugguccacaucu	chr12:109711805..109711862:+
chr12_1551	145.5	0 +/- 0%	-	283	263	0	20	yes	mmu-miR-323-3p_MIMAT0000551_Mus_musculus_miR-323-3p	-	-	-	cacauuacacggucgaccucu	aggugguccguggcgcguucgc	aggugguccguggcgcguucgcuucauuuauggcgcacauuacacggucgaccucu	chr12:109712522..109712578:+
chr5_7938	144	0 +/- 0%	-	279	212	0	67	yes	mmu-miR-339-3p_MIMAT0004649_Mus_musculus_miR-339-3p	-	-	-	ugagcgccucggcgacagagccg	ucccuguccuccaggagcuca	ucccuguccuccaggagcucacguaugccugccugugagcgccucggcgacagagccg	chr5:139369672..139369730:-
chrX_10791	143.1	0 +/- 0%	-	280	178	0	102	yes	mmu-miR-384-5p_MIMAT0004745_Mus_musculus_miR-384-5p	-	-	-	uguaaacaauuccuaggcaaug	auuccuagaaauuguucacaau	uguaaacaauuccuaggcaauguguauaauguugguaagucauuccuagaaauuguucacaau	chrX:105344291..105344354:-
chr12_1481	133.3	0 +/- 0%	-	258	197	0	61	yes	mmu-miR-493-3p_MIMAT0004888_Mus_musculus_miR-493-3p	-	-	-	ugaagguccuacugugugccagg	uuguacaugguaggcuuucauu	uuguacaugguaggcuuucauucauuuuuugcacauucggugaagguccuacugugugccagg	chr12:109580242..109580305:+
chr16_3331	127.8	0 +/- 0%	-	256	186	0	70	no	mmu-miR-130b-5p_MIMAT0004583_Mus_musculus_miR-130b-5p	-	-	-	acucuuucccuguugcacuac	cagugcaaugaugaaagggc	acucuuucccuguugcacuacugugggccucugggaagcagugcaaugaugaaagggc	chr16:17124072..17124130:-
chrX_10682	125.2	0 +/- 0%	-	243	241	0	2	yes	mmu-miR-92a-3p_MIMAT0000539_Mus_musculus_miR-92a-3p	-	-	-	uauugcacuugucccggccuga	agguggggauugguggcauuacu	agguggggauugguggcauuacuuguguuagauauaaaguauugcacuugucccggccuga	chrX:52741852..52741913:-
chr4_7312	120.8	0 +/- 0%	-	242	199	0	43	no	mmu-miR-700-3p_MIMAT0003490_Mus_musculus_miR-700-3p	-	-	-	cacgcgggaaccgaguccacc	uaaggcuccuuccugugcuugc	uaaggcuccuuccugugcuugcaggggagaaauacgaacugcacgcgggaaccgaguccacc	chr4:135416560..135416622:-
chr12_1581	109.3	0 +/- 0%	-	212	210	0	2	yes	mmu-miR-487b-3p_MIMAT0003184_Mus_musculus_miR-487b-3p	-	-	-	aaucguacagggucauccacuu	ugguuaucccuguccucuucg	ugguuaucccuguccucuucgcuucacucaugccgaaucguacagggucauccacuu	chr12:109727346..109727403:+
chr12_1606	100.5	0 +/- 0%	-	202	185	0	17	no	mmu-miR-412-5p_MIMAT0017173_Mus_musculus_miR-412-5p	-	-	-	uggucgaccagcuggaaagua	cuucaccugguccacuagccgu	uggucgaccagcuggaaaguaauuguuucuaauguacuucaccugguccacuagccgu	chr12:109743302..109743360:+
chr11_642	97.7	0 +/- 0%	-	188	106	0	82	yes	mmu-miR-195a-5p_MIMAT0000225_Mus_musculus_miR-195a-5p	-	-	-	uagcagcacagaaauauuggc	ccaauauuggcugugcugcucc	uagcagcacagaaauauuggcauggggaagugagucugccaauauuggcugugcugcucc	chr11:70235061..70235121:+
chr12_1755	97.1	0 +/- 0%	-	188	155	0	33	yes	mmu-miR-3068-5p_MIMAT0014842_Mus_musculus_miR-3068-5p	-	-	-	uuggaguucaugcaaguucuaac	ggugaauugcaguacuccaaca	uuggaguucaugcaaguucuaaccagcuuacucaguagcugggugaauugcaguacuccaaca	chr12:87437684..87437747:-
chrX_10664	92.7	0 +/- 0%	-	179	175	0	4	yes	mmu-miR-221-3p_MIMAT0000669_Mus_musculus_miR-221-3p	-	-	-	agcuacauugucugcuggguuuc	accuggcauacaauguagauu	accuggcauacaauguagauuucuguguuuguuaggcaacagcuacauugucugcuggguuuc	chrX:19146306..19146369:-
chr11_1253	86.2	0 +/- 0%	-	166	96	0	70	yes	mmu-miR-338-5p_MIMAT0004647_Mus_musculus_miR-338-5p	-	-	-	aacaauauccuggugcugagu	uccagcaucagugauuuuguu	aacaauauccuggugcugagugggugcacagugacuccagcaucagugauuuuguu	chr11:120014781..120014837:-
chr5_7933	80.6	0 +/- 0%	-	155	149	0	6	yes	mmu-miR-93-5p_MIMAT0000540_Mus_musculus_miR-93-5p	-	-	-	caaagugcuguucgugcagguag	acugcugagcuagcacuucccga	caaagugcuguucgugcagguaguguaauuaccugaccuacugcugagcuagcacuucccga	chr5:138165534..138165596:-
chr12_1571	71.7	0 +/- 0%	-	141	75	0	66	yes	mmu-miR-376c-5p_MIMAT0005295_Mus_musculus_miR-376c-5p	-	-	-	guggauauuccuucuauguuuau	aacauagaggaaauuucacgu	guggauauuccuucuauguuuaugcuuuuugugauuaaacauagaggaaauuucacgu	chr12:109722732..109722790:+
chrX_10702	50.5	0 +/- 0%	-	96	94	0	2	yes	mmu-miR-322-3p_MIMAT0000549_Mus_musculus_miR-322-3p	-	-	-	aaacaugaagcgcugcaaca	cagcagcaauucauguuuugga	cagcagcaauucauguuuuggaguauugccaagguucaaaacaugaagcgcugcaaca	chrX:53054269..53054327:-
chr1_4986	42.2	0 +/- 0%	-	79	53	0	26	yes	mmu-miR-214-5p_MIMAT0004664_Mus_musculus_miR-214-5p	-	-	-	ugccugucuacacuugcugugc	uacagcaggcacagacagg	ugccugucuacacuugcugugcagaacauccgcucaccuguacagcaggcacagacagg	chr1:162223396..162223455:+
chr10_404	41.4	0 +/- 0%	-	78	50	0	28	yes	mmu-miR-331-3p_MIMAT0000571_Mus_musculus_miR-331-3p	-	-	-	gccccugggccuauccuagaac	cuagguauggucccagggauc	cuagguauggucccagggaucccagaucaaaccaggccccugggccuauccuagaac	chr10:93963781..93963838:-
chrX_10775	40.8	0 +/- 0%	-	77	75	0	2	yes	mmu-miR-374c-5p_MIMAT0014953_Mus_musculus_miR-374c-5p	-	-	-	auauaauacaaccugcuaagu	cuuagcagguuguauuaucauu	auauaauacaaccugcuaaguguucuagcacuuagcagguuguauuaucauu	chrX:103573081..103573133:-
chr4_7153	40.3	0 +/- 0%	-	76	73	0	3	yes	mmu-miR-32-5p_MIMAT0000654_Mus_musculus_miR-32-5p	-	-	-	uauugcacauuacuaaguugca	caauuuagugugugugauauu	uauugcacauuacuaaguugcauguugucacggccucaaugcaauuuagugugugugauauu	chr4:56895231..56895293:-
chr5_7406	40.3	0 +/- 0%	-	76	67	0	9	yes	mmu-miR-879-5p_MIMAT0004842_Mus_musculus_miR-879-5p	-	-	-	agaggcuuauagcucuaagc	cuuauggcuucaagcuuucgga	agaggcuuauagcucuaagccuuggaugaaagaggcuuauggcuucaagcuuucgga	chr5:9375713..9375770:+
chr6_8310	31.9	0 +/- 0%	-	60	59	0	1	yes	mmu-miR-704_MIMAT0003494_Mus_musculus_miR-704	-	-	-	agacaugugcucugcuccuagg	cugggagcuagaggaugugguca	cugggagcuagaggauguggucagcugcaaggaucuuccucagacaugugcucugcuccuagg	chr6:47803588..47803651:-
chrX_10700	31.7	0 +/- 0%	-	59	41	0	18	yes	mmu-miR-503-3p_MIMAT0004790_Mus_musculus_miR-503-3p	-	-	-	gaguauuguuuccacugccugg	uagcagcgggaacaguacug	uagcagcgggaacaguacugcagugaguguuuggugcccuggaguauuguuuccacugccugg	chrX:53053986..53054049:-
chr12_1561	29.4	0 +/- 0%	-	55	22	0	33	yes	mmu-miR-1193-3p_MIMAT0005851_Mus_musculus_miR-1193-3p	-	-	-	uaggucacccguuuuacuauc	augguagaccggugacguaca	augguagaccggugacguacacuucauuuaugcuguaggucacccguuuuacuauc	chr12:109715714..109715770:+
chr4_7205	29	0 +/- 0%	-	54	52	0	2	yes	mmu-miR-31-5p_MIMAT0000538_Mus_musculus_miR-31-5p	-	-	-	aggcaagaugcuggcauagcug	ugcuaugccaacauauugccauc	aggcaagaugcuggcauagcuguugaacugagaaccugcuaugccaacauauugccauc	chr4:88910576..88910635:-
chrX_10680	28.4	0 +/- 0%	-	55	54	0	1	yes	mmu-miR-363-3p_MIMAT0000708_Mus_musculus_miR-363-3p	-	-	-	aauugcacgguauccaucugua	cagguggaacacgaugcaauu	cagguggaacacgaugcaauuuugguugguguaauaggaggaaaauugcacgguauccaucugua	chrX:52741696..52741761:-
chr2_5866	27.4	0 +/- 0%	-	50	47	1	2	yes	mmu-miR-219a-2-3p_MIMAT0022841_Mus_musculus_miR-219a-2-3p	-	-	-	agaauuguggcuggacaucugu	ugauuguccaaacgcaauucu	ugauuguccaaacgcaauucuuguacgagucugcggccaaccgagaauuguggcuggacaucugu	chr2:29845644..29845709:-
chr14_2504	26.2	0 +/- 0%	-	48	32	0	16	yes	mmu-miR-17-5p_MIMAT0000649_Mus_musculus_miR-17-5p	-	-	-	caaagugcuuacagugcagguag	acugcagugagggcacuugua	caaagugcuuacagugcagguagugaugugugcaucuacugcagugagggcacuugua	chr14:115043683..115043741:+
chr7_9006	26.1	0 +/- 0%	-	48	45	0	3	yes	mmu-miR-344d-3p_MIMAT0014808_Mus_musculus_miR-344d-3p	-	-	-	gauauaaccacugccagacuga	agucaggcuagugguuauacu	agucaggcuagugguuauacuccaggacuuaucugguccuggauauaaccacugccagacuga	chr7:61726255..61726318:-
chr11_669	25.5	0 +/- 0%	-	48	38	0	10	yes	mmu-miR-144-3p_MIMAT0000156_Mus_musculus_miR-144-3p	-	-	-	uacaguauagaugauguacu	ggauaucaucauauacugua	ggauaucaucauauacuguaaguuugugaugagacacuacaguauagaugauguacu	chr11:78073009..78073066:+
chr12_1778	24.6	0 +/- 0%	-	45	44	0	1	yes	mmu-miR-299b-3p_MIMAT0022837_Mus_musculus_miR-299b-3p	-	-	-	uaugugggacgguaaaccau	cgguuuaccgucccacauacau	cgguuuaccgucccacauacauacucaaaauguaugugggacgguaaaccau	chr12:109710642..109710694:-
chr11_708	24.4	0 +/- 0%	-	45	30	0	15	yes	mmu-miR-301a-5p_MIMAT0017008_Mus_musculus_miR-301a-5p	-	-	-	gcucugacuuuauugcacuacu	cagugcaauaguauuguc	gcucugacuuuauugcacuacuguacuuuacagcgagcagugcaauaguauuguc	chr11:87113016..87113071:+
chr7_8618	22.6	0 +/- 0%	-	41	38	0	3	yes	mmu-miR-150-5p_MIMAT0000160_Mus_musculus_miR-150-5p	-	-	-	ucucccaacccuuguaccagug	ccugguacaggccugggggaua	ucucccaacccuuguaccagugcugugccucagacccugguacaggccugggggaua	chr7:45121761..45121818:+
chr3_6298	22.5	0 +/- 0%	-	44	34	0	10	yes	mmu-miR-15b-5p_MIMAT0000124_Mus_musculus_miR-15b-5p	-	-	-	uagcagcacaucaugguuuaca	cgaaucauuauuugcugcu	uagcagcacaucaugguuuacauacuacagucaagaugcgaaucauuauuugcugcu	chr3:69009774..69009831:+
chr9_10156	19.8	0 +/- 0%	-	36	22	0	14	yes	mmu-miR-34b-5p_MIMAT0000382_Mus_musculus_miR-34b-5p	-	-	-	aggcaguguaauuagcugauugu	aaucacuaacuccacugccauc	aggcaguguaauuagcugauuguagugcggugcugacaaucacuaacuccacugccauc	chr9:51103573..51103632:-
chrX_10711	18.1	0 +/- 0%	-	32	31	0	1	yes	mmu-miR-504-5p_MIMAT0004889_Mus_musculus_miR-504-5p	-	-	-	gacccuggucugcacucuauc	agggagagcagggcaggguuuc	gacccuggucugcacucuaucuguaaacuuacugaagggagagcagggcaggguuuc	chrX:59097668..59097725:-
chr11_682	17	0 +/- 0%	-	30	28	0	2	yes	mmu-miR-193a-5p_MIMAT0004544_Mus_musculus_miR-193a-5p	-	-	-	ugggucuuugcgggcaagaug	aacuggccuacaaagucc	ugggucuuugcgggcaagaugagagugucaguucaacuggccuacaaagucc	chr11:79711974..79712026:+
chr14_2510	16.7	0 +/- 0%	-	30	29	0	1	yes	mmu-miR-20a-5p_MIMAT0000529_Mus_musculus_miR-20a-5p	-	-	-	uaaagugcuuauagugcagguag	acugcauuacgagcacuuaaagu	uaaagugcuuauagugcagguaguguguagccaucuacugcauuacgagcacuuaaagu	chr14:115044182..115044241:+
chr15_3049	16.4	0 +/- 0%	-	28	27	0	1	yes	mmu-miR-1943-5p_MIMAT0009408_Mus_musculus_miR-1943-5p	-	-	-	agggaggaucugggcaccugga	caggugccagcuccucccuuc	agggaggaucugggcaccuggaccagcuccucccugcaggugccagcuccucccuuc	chr15:79375235..79375292:-
chr1_5345	15.1	0 +/- 0%	-	28	22	0	6	yes	mmu-miR-350-5p_MIMAT0017040_Mus_musculus_miR-350-5p	-	-	-	aaagugcaugcgcuuugggaca	uucacaaagcccauacacuuuc	aaagugcaugcgcuuugggacagugaggaaaauaauguucacaaagcccauacacuuuc	chr1:176772341..176772400:-
chr12_1597	14.2	0 +/- 0%	-	26	25	0	1	yes	mmu-miR-496a-3p_MIMAT0003738_Mus_musculus_miR-496a-3p	-	-	-	aguauuacauggccaaucucc	agguugcccaugguguguu	agguugcccaugguguguucauuuuauuuaugaugaguauuacauggccaaucucc	chr12:109739131..109739187:+
chr12_1611	13.1	0 +/- 0%	-	22	16	0	6	yes	mmu-miR-3072-3p_MIMAT0014853_Mus_musculus_miR-3072-3p	-	-	-	ugcccccuccaggaagccuucu	agggaccccgagggagggcagg	agggaccccgagggagggcaggcugccccaggcccugcccccuccaggaagccuucu	chr12:109747892..109747949:+
chr11_1187	11.5	0 +/- 0%	-	23	22	0	1	yes	mmu-miR-3064-5p_MIMAT0014834_Mus_musculus_miR-3064-5p	-	-	-	ucuggcuguuguggugugcaaa	ugccacacugcaacaccuua	ucuggcuguuguggugugcaaaacuccguacauugcuauuuugccacacugcaacaccuua	chr11:106782696..106782757:-
chr2_5408	10.6	0 +/- 0%	-	18	17	0	1	yes	mmu-miR-467d-5p_MIMAT0004886_Mus_musculus_miR-467d-5p	-	-	-	uaagugcgcgcauguauaugcg	auauacauacacacaccuaca	uaagugcgcgcauguauaugcguguauauuuuaugcauauacauacacacaccuaca	chr2:10507639..10507696:+
chr3_6219	9.6	0 +/- 0%	-	16	14	0	2	yes	mmu-miR-551b-3p_MIMAT0003890_Mus_musculus_miR-551b-3p	-	-	-	gcgacccauacuugguuucagu	gaaaucaagcuugggugagacc	gaaaucaagcuugggugagaccuggugcagaacaggaaggcgacccauacuugguuucagu	chr3:29416839..29416900:+
chrX_10689	8.4	0 +/- 0%	-	15	12	0	3	yes	mmu-miR-450b-5p_MIMAT0003511_Mus_musculus_miR-450b-5p	-	-	-	uuuugcaguauguuccugaaua	uauugggaacauuuugcaugca	uuuugcaguauguuccugaauacauaacauaagcguauugggaacauuuugcaugca	chrX:53048008..53048065:-
chrX_10713	8.1	0 +/- 0%	-	13	11	0	2	yes	mmu-miR-505-5p_MIMAT0017259_Mus_musculus_miR-505-5p	-	-	-	gggagccaggaaguauugaugu	cgucaacacuugcugguu	gggagccaggaaguauugauguuucugccagguuagcgucaacacuugcugguu	chrX:60394419..60394473:-
chr16_3157	7.8	0 +/- 0%	-	13	12	0	1	yes	mmu-miR-365-3p_MIMAT0000711_Mus_musculus_miR-365-3p	-	-	-	uaaugccccuaaaaauccuuau	agggacuuuugggggcagaugug	agggacuuuugggggcagauguguuuccauuccgcuaucauaaugccccuaaaaauccuuau	chr16:13453854..13453916:+
chr12_1489	7.7	0 +/- 0%	-	20	18	0	2	no	mmu-miR-3070-2-3p_MIMAT0014849_Mus_musculus_miR-3070-2-3p	-	-	-	uggugcuauggucagggguag	agccccugaccuugaaccugg	agccccugaccuugaaccugggauccuccccaugaucuucuggugcuauggucagggguag	chr12:109588607..109588668:+
chr7_9166	6.9	0 +/- 0%	-	11	9	0	2	yes	mmu-miR-3103-3p_MIMAT0014938_Mus_musculus_miR-3103-3p	-	-	-	uaaccucugauccuucccacag	aggagggaggaucugcuguu	aggagggaggaucugcuguuagaaagucucugguuugugaccucuaaccucugauccuucccacag	chr7:128288369..128288435:-
chr6_8049	5.5	0 +/- 0%	-	8	7	0	1	yes	mmu-miR-490-3p_MIMAT0003780_Mus_musculus_miR-490-3p	-	-	-	caaccuggaggacuccaugcug	ccauggaucuccaggugggu	ccauggaucuccaggugggucacguuuagauauacaccaaccuggaggacuccaugcug	chr6:36421762..36421821:+
chr16_3155	5.2	0 +/- 0%	-	7	4	0	3	yes	mmu-miR-193b-3p_MIMAT0004859_Mus_musculus_miR-193b-3p	-	-	-	aacuggcccacaaagucccgcu	ucgggguuuugagggcgaga	ucgggguuuugagggcgagaugaguuuguguuuuauccaacuggcccacaaagucccgcu	chr16:13449531..13449591:+
chrX_10536	5.1	0 +/- 0%	-	7	4	0	3	yes	mmu-miR-223-5p_MIMAT0017056_Mus_musculus_miR-223-5p	-	-	-	cguguauuugacaagcugaguug	ugucaguuugucaaauacccca	cguguauuugacaagcugaguuggacacucugugugguagagugucaguuugucaaauacccca	chrX:96242841..96242905:+
chr1_5126	4.8	0 +/- 0%	-	7	5	0	2	yes	mmu-miR-6897-3p_MIMAT0027695_Mus_musculus_miR-6897-3p	-	-	-	cggucuguguucuucccccagg	ugggggcagugucacacgcuguu	ugggggcagugucacacgcuguuuuaugacguaagucucacggucuguguucuucccccagg	chr1:36144250..36144312:-
chr11_801	4.7	0 +/- 0%	-	16	15	0	1	no	mmu-miR-6932-3p_MIMAT0027765_Mus_musculus_miR-6932-3p	-	-	-	ucuguucugcuuccucugcagcu	uuguaggugaaguagacuuggcu	uuguaggugaaguagacuuggcugacagaugcucuguucugcuuccucugcagcu	chr11:107637726..107637781:+
chrX_10639	4.4	0 +/- 0%	-	6	5	0	1	yes	mmu-miR-188-5p_MIMAT0000217_Mus_musculus_miR-188-5p	-	-	-	caucccuugcaugguggaggg	cucccacaugcaggguuugc	caucccuugcaugguggagggugagcucucugaaaaccccucccacaugcaggguuugc	chrX:7247992..7248051:-
chr5_7467	4	0 +/- 0%	-	5	3	0	2	yes	mmu-miR-3097-3p_MIMAT0014916_Mus_musculus_miR-3097-3p	-	-	-	cucagaccuuucuaccugucagc	acacaggugggaagugugug	acacaggugggaaguguguguccagugggugugucuacagaucugcucagaccuuucuaccugucagc	chr5:35021048..35021116:+
chr10_100	3.6	1 +/- 5%	-	4	3	0	1	yes	mmu-miR-1930-5p_MIMAT0009393_Mus_musculus_miR-1930-5p	-	-	-	accuccauaguaccugcagcgu	ggugcaguuacuguggcuguggc	accuccauaguaccugcagcgugcuugacuuucucuauggugcaguuacuguggcuguggc	chr10:77641235..77641296:+
chr16_3474	3.5	1 +/- 5%	-	5	3	0	2	yes	mmu-miR-6964-3p_MIMAT0027829_Mus_musculus_miR-6964-3p	-	-	-	uuucuugucuuccacucuagg	uuggggugugagacuggaaac	uuggggugugagacuggaaacaucaccauuguucuuucuugucuuccacucuagg	chr16:97877231..97877286:-
chr2_5466	3.5	1 +/- 5%	-	6	5	0	1	yes	mmu-miR-6997-5p_MIMAT0027896_Mus_musculus_miR-6997-5p	-	-	-	uaacaggcuggagaggugcaga	ucaaaccuuacccuccuguuuc	uaacaggcuggagaggugcagaacagagucucuggagucucucaaaccuuacccuccuguuuc	chr2:29995954..29996017:+
chr12_1779	3.4	1 +/- 5%	-	11	8	0	3	no	mmu-miR-1247-5p_MIMAT0014800_Mus_musculus_miR-1247-5p	-	-	-	acccgucccguucguccccgg	cgggaacgucgagacuggagc	acccgucccguucguccccggacguugcucucugccccgggaacgucgagacuggagc	chr12:110278057..110278115:-
chr12_1471	2.8	7 +/- 11%	-	4353	4060	0	293	yes	mmu-miR-770-3p_MIMAT0003891_Mus_musculus_miR-770-3p	-	-	-	cgugggccugacguggagcu	agcaccacgugucugggccacgu	agcaccacgugucugggccacgugagcaacgccacgugggccugacguggagcu	chr12:109563709..109563763:+
chr7_9016	2.8	7 +/- 11%	-	1388	1388	0	0	yes	mmu-miR-344-3p_MIMAT0000593_Mus_musculus_miR-344-3p	-	-	-	ugaucuagccaaagccugacugu	agucaggcuccuggcuagauuccagg	agucaggcuccuggcuagauuccagguaccagcugguaccugaucuagccaaagccugacugu	chr7:61877781..61877844:-
chr10_361	2.8	7 +/- 11%	-	13	11	0	2	yes	mmu-miR-5615-5p_MIMAT0022355_Mus_musculus_miR-5615-5p	-	-	-	uugguuguuuucugagacaga	ucucagaaaacaaccaaggacug	uugguuguuuucugagacagaaaagagucucauuuucugucucagaaaacaaccaaggacug	chr10:81104610..81104672:-
chr16_3386	2.8	7 +/- 11%	-	88	88	0	0	yes	mmu-miR-3081-3p_MIMAT0014871_Mus_musculus_miR-3081-3p	-	-	-	uugcgcuccgaucucugagcugg	agacuggagcuuggagcggugagc	agacuggagcuuggagcggugagcuggacucgggcuugcgcuccgaucucugagcugg	chr16:44558057..44558115:-
chr10_118	2.8	7 +/- 11%	-	13	11	0	2	yes	mmu-miR-5615-5p_MIMAT0022355_Mus_musculus_miR-5615-5p	-	-	-	uugguuguuuucugagacaga	ucucagaaaacaaccaaggacug	uugguuguuuucugagacagaaaaugagacucuuuucugucucagaaaacaaccaaggacug	chr10:81104616..81104678:+
chr2_5718	2.7	7 +/- 11%	-	93	93	0	0	yes	mmu-miR-499-5p_MIMAT0003482_Mus_musculus_miR-499-5p	-	-	-	uuaagacuugcagugauguu	caucacagcaagucugugcu	uuaagacuugcagugauguuuagcuccucugcaugugaacaucacagcaagucugugcu	chr2:155622892..155622951:+
chr7_9018	2.7	7 +/- 11%	-	1388	1388	0	0	yes	mmu-miR-344-3p_MIMAT0000593_Mus_musculus_miR-344-3p	-	-	-	ugaucuagccaaagccugacugu	agucaggcuccuggcuagauuccagg	agucaggcuccuggcuagauuccagguaccaacugguaccugaucuagccaaagccugacugu	chr7:61940035..61940098:-
chr14_2360	2.7	7 +/- 11%	-	29	29	0	0	yes	mmu-miR-346-5p_MIMAT0000597_Mus_musculus_miR-346-5p	-	-	-	ugucugcccgagugccugccucu	aggcaggggcugggccugcagc	ugucugcccgagugccugccucucuguugcucugaaggaggcaggggcugggccugcagc	chr14:34894623..34894683:+
chr17_3920	2.7	7 +/- 11%	-	57	57	0	0	yes	mmu-miR-219a-1-3p_MIMAT0017055_Mus_musculus_miR-219a-1-3p	-	-	-	agaguugcgucuggacgu	guccaaacgcaauucucg	guccaaacgcaauucucgagucucuggcuccggccgagaguugcgucuggacgu	chr17:34025013..34025067:-
chr2_5617	2.7	7 +/- 11%	-	191	182	0	9	yes	mmu-miR-674-3p_MIMAT0003741_Mus_musculus_miR-674-3p	-	-	-	cacagcucccaucucagaac	gcacugagaugggaguggugua	gcacugagaugggagugguguaaggcucagguaugcacagcucccaucucagaac	chr2:117185150..117185205:+
chr3_6724	2.6	7 +/- 11%	-	496	496	0	0	yes	mmu-miR-760-3p_MIMAT0003898_Mus_musculus_miR-760-3p	-	-	-	cggcucugggucuguggggagc	cccccucaggccaccagagcccgga	cccccucaggccaccagagcccggauaccucagaaauucggcucugggucuguggggagc	chr3:122293612..122293672:-
chr14_2441	2.6	7 +/- 11%	-	9781	9780	0	1	yes	mmu-miR-320-3p_MIMAT0000666_Mus_musculus_miR-320-3p	-	-	-	aaaagcuggguugagagggcga	cuucucuucccgguucuucccg	cuucucuucccgguucuucccggagucgggaaaagcuggguugagagggcga	chr14:70443526..70443578:+
chr7_8723	2.6	7 +/- 11%	-	83	83	0	0	yes	mmu-miR-326-3p_MIMAT0000559_Mus_musculus_miR-326-3p	-	-	-	ccucugggcccuuccuccag	gggggcagggccuuugugaaggcg	gggggcagggccuuugugaaggcggguuaugcucagaucgccucugggcccuuccuccag	chr7:99552287..99552347:+
chr12_1617	2.6	7 +/- 11%	-	652	651	0	1	yes	mmu-miR-203-3p_MIMAT0000236_Mus_musculus_miR-203-3p	-	-	-	gugaaauguuuaggaccacu	agugguucuugacaguuca	agugguucuugacaguucaacaguucuguagcacaauugugaaauguuuaggaccacu	chr12:112130888..112130946:+
chr7_8644	2.6	7 +/- 11%	-	159	159	0	0	yes	mmu-miR-211-5p_MIMAT0000668_Mus_musculus_miR-211-5p	-	-	-	uucccuuugucauccuuugccua	ggcaaggacagcaaaggggggc	uucccuuugucauccuuugccuaggccucugagugaggcaaggacagcaaaggggggc	chr7:64205830..64205888:+
chr8_9489	2.6	7 +/- 11%	-	12	12	0	0	yes	mmu-miR-1968-5p_MIMAT0009441_Mus_musculus_miR-1968-5p	-	-	-	ucugcagcuguuaaggauggug	ccaccucugcagcuguuaagg	ucugcagcuguuaaggaugguggacuauuguuagggccaccaccucugcagcuguuaagg	chr8:13189033..13189093:-
chr2_6149	2.6	7 +/- 11%	-	1491	1467	0	24	yes	mmu-miR-298-5p_MIMAT0000376_Mus_musculus_miR-298-5p	-	-	-	ggcagaggagggcuguucuu	aggaacuagccuucucucagcu	ggcagaggagggcuguucuucccuugaguuuuaugacugggaggaacuagccuucucucagcu	chr2:174267512..174267575:-
chrX_10583	2.6	7 +/- 11%	-	324	324	0	0	yes	mmu-miR-652-3p_MIMAT0003711_Mus_musculus_miR-652-3p	-	-	-	aauggcgccacuaggguugug	caacccuaggagggggugccauuca	caacccuaggagggggugccauucacauagaguauaauugaauggcgccacuaggguugug	chrX:142739019..142739080:+
chr1_5379	2.5	7 +/- 11%	-	658	658	0	0	yes	mmu-miR-205-5p_MIMAT0000238_Mus_musculus_miR-205-5p	-	-	-	uccuucauuccaccggagucugu	agauuucaguggagugaagcuca	uccuucauuccaccggagucugucuuaugccaaccagauuucaguggagugaagcuca	chr1:193507466..193507524:-
chr4_7220	2.5	7 +/- 11%	-	4177	4175	0	2	yes	mmu-miR-101c_MIMAT0019349_Mus_musculus_miR-101c	-	-	-	guacaguacugugauaacuga	ucaguuaucacagugcugaug	ucaguuaucacagugcugaugcuguccauucuaaagguacaguacugugauaacuga	chr4:101346957..101347014:-
chr7_9022	2.5	7 +/- 11%	-	45	45	0	0	yes	mmu-miR-344f-3p_MIMAT0014932_Mus_musculus_miR-344f-3p	-	-	-	cucuagccaggaccugacu	ucagucuccuggcuggaguc	ucagucuccuggcuggaguccagcucuaagcugguuccaggcucuagccaggaccugacu	chr7:62046184..62046244:-
chr7_8577	2.5	7 +/- 11%	-	289	289	0	0	yes	mmu-miR-1964-3p_MIMAT0009437_Mus_musculus_miR-1964-3p	-	-	-	ccgacuucugggcuccggcuuu	agcuggagcacaaaagccggug	agcuggagcacaaaagccggugccggugugaugccuacaccgacuucugggcuccggcuuu	chr7:29773304..29773365:+
chr16_3324	2.5	7 +/- 11%	-	38	38	0	0	yes	mmu-miR-1945_MIMAT0009410_Mus_musculus_miR-1945	-	-	-	ucuucgcggguacugucggga	ccgucagcccccgagaaaacc	ccgucagcccccgagaaaaccgcaccgggucuucgcggguacugucggga	chr16:11254381..11254431:-
chr8_9385	2.5	7 +/- 11%	-	1097	902	0	195	yes	mmu-miR-140-3p_MIMAT0000152_Mus_musculus_miR-140-3p	-	-	-	uaccacaggguagaaccacgg	cagugguuuuacccuaugguag	cagugguuuuacccuaugguagguuacgucaugcuguucuaccacaggguagaaccacgg	chr8:107551248..107551308:+
chrX_10666	2.5	7 +/- 11%	-	93	93	0	0	yes	mmu-miR-222-3p_MIMAT0000670_Mus_musculus_miR-222-3p	-	-	-	agcuacaucuggcuacugggu	ucaguagccaguguagaucc	ucaguagccaguguagauccugucuuugguaaucagcagcuacaucuggcuacugggu	chrX:19146902..19146960:-
chr2_6148	2.5	7 +/- 11%	-	1323	1255	0	68	yes	mmu-miR-296-3p_MIMAT0004576_Mus_musculus_miR-296-3p	-	-	-	gaggguuggguggaggcucu	agggcccccccucaauccugu	agggcccccccucaauccuguugugcucgcuucagaggguuggguggaggcucu	chr2:174267059..174267113:-
chr11_640	2.5	7 +/- 11%	-	33	33	0	0	yes	mmu-miR-497a-5p_MIMAT0003453_Mus_musculus_miR-497a-5p	-	-	-	cagcagcacacugugguuugua	caaaccacacugugguguuaga	cagcagcacacugugguuuguacggcacuguggccacguccaaaccacacugugguguuaga	chr11:70234729..70234791:+
chr1_4920	2.5	7 +/- 11%	-	60	59	0	1	yes	mmu-miR-135b-5p_MIMAT0000612_Mus_musculus_miR-135b-5p	-	-	-	uauggcuuuucauuccuauguga	uagggcuaaaagccaugggcu	uauggcuuuucauuccuaugugauugcugcuccgaacucauguagggcuaaaagccaugggcu	chr1:132198102..132198165:+
chrX_10579	2.4	7 +/- 11%	-	12	12	0	0	yes	mmu-miR-3475-3p_MIMAT0015219_Mus_musculus_miR-3475-3p	-	-	-	ucuggaggcacaugguuugaag	ccaaaucauguacccccacagagg	ccaaaucauguacccccacagaggguccagaugguucuuaguucuucuggaggcacaugguuugaag	chrX:140310946..140311013:+
chr12_1594	2.4	7 +/- 11%	-	1963	1491	0	472	yes	mmu-miR-485-5p_MIMAT0003128_Mus_musculus_miR-485-5p	-	-	-	agaggcuggccgugaugaauucg	cauacacggcucuccucucuuc	agaggcuggccgugaugaauucgauucaucuaaacgagucauacacggcucuccucucuuc	chr12:109734909..109734970:+
chr4_7054	2.4	7 +/- 11%	-	21	21	0	0	yes	mmu-miR-34a-5p_MIMAT0000542_Mus_musculus_miR-34a-5p	-	-	-	uggcagugucuuagcugguuguu	caaucagcaaguauacugcccua	uggcagugucuuagcugguuguugugaguauuagcuaaggaagcaaucagcaaguauacugcccua	chr4:150068472..150068538:+
chrX_10586	2.4	7 +/- 11%	-	66	66	0	0	yes	mmu-miR-1298-5p_MIMAT0014809_Mus_musculus_miR-1298-5p	-	-	-	uucauucggcuguccagaugua	caucugggcaacugauugaacu	uucauucggcuguccagauguacccaaguacccuguuauuuggcaauacauacaucugggcaacugauugaacu	chrX:147064917..147064991:+
chr18_4224	2.4	7 +/- 11%	-	36	36	0	0	yes	mmu-miR-1a-3p_MIMAT0000123_Mus_musculus_miR-1a-3p	-	-	-	uggaauguaaagaaguauguau	acauacuucuuuauguacccaua	acauacuucuuuauguacccauaugaacauucagugcuauggaauguaaagaaguauguau	chr18:10785484..10785545:-
chr12_1564	2.4	7 +/- 11%	-	11467	11464	0	3	yes	mmu-miR-666-5p_MIMAT0003737_Mus_musculus_miR-666-5p	-	-	-	agcgggcacagcugugagagc	gcugcagcgugaucgccugc	agcgggcacagcugugagagcccccuagguacagcggggcugcagcgugaucgccugc	chr12:109717102..109717160:+
chr18_4150	2.4	7 +/- 11%	-	280	280	0	0	yes	mmu-miR-122-5p_MIMAT0000246_Mus_musculus_miR-122-5p	-	-	-	uggagugugacaaugguguuugu	aaacgccauuaucacacuaaaua	uggagugugacaaugguguuuguguccaaaccaucaaacgccauuaucacacuaaaua	chr18:65248865..65248923:+
chr7_8709	2.4	7 +/- 11%	-	5651	5642	8	1	yes	mmu-miR-708-3p_MIMAT0003498_Mus_musculus_miR-708-3p	-	-	-	caacuagacugugagcuucu	aggagcuuacaaucuagcuggg	aggagcuuacaaucuagcuggggguagaugacuugcacuugaacacaacuagacugugagcuucu	chr7:96249450..96249515:+
chr16_3228	2.4	7 +/- 11%	-	123	123	0	0	yes	mmu-miR-1947-5p_MIMAT0009413_Mus_musculus_miR-1947-5p	-	-	-	aggacgagcuagcugagugcu	cacugagcuagcucucccucc	aggacgagcuagcugagugcugcagacacucuaagagcacugagcuagcucucccucc	chr16:33105374..33105432:+
chr16_3190	2.4	7 +/- 11%	-	79	79	0	0	yes	mmu-miR-1224-5p_MIMAT0005460_Mus_musculus_miR-1224-5p	-	-	-	gugaggacuggggagguggagg	ucuccccccaccucuucucuccu	gugaggacuggggagguggaggguagcaucauuagagccagagcucugucucagcucccucuccccccaccucuucucuccu	chr16:20604451..20604533:+
chr2_5958	2.4	7 +/- 11%	-	135	135	0	0	yes	mmu-miR-130a-3p_MIMAT0000141_Mus_musculus_miR-130a-3p	-	-	-	cagugcaauguuaaaagggcauc	agcucuuuucacauugugcuacu	agcucuuuucacauugugcuacugucuaacguguaccgagcagugcaauguuaaaagggcauc	chr2:84741114..84741177:-
chr1_5046	2.4	7 +/- 11%	-	686	686	0	0	yes	mmu-miR-194-5p_MIMAT0000224_Mus_musculus_miR-194-5p	-	-	-	uguaacagcaacuccaugugg	aguggagcugcuguuacuuc	uguaacagcaacuccauguggacugugcucggauuccaguggagcugcuguuacuuc	chr1:185313324..185313381:+
chr18_4264	2.4	7 +/- 11%	-	43	43	0	0	yes	mmu-miR-6979-3p_MIMAT0027861_Mus_musculus_miR-6979-3p	-	-	-	uugugucugucuggcucccagu	uggggggaggcgcagagacugagc	uggggggaggcgcagagacugagcugcucagugcgcgcuugugucugucuggcucccagu	chr18:37854603..37854663:-
chr6_8444	2.4	7 +/- 11%	-	5731	5618	1	112	yes	mmu-miR-141-3p_MIMAT0000153_Mus_musculus_miR-141-3p	-	-	-	uaacacugucugguaaagaug	caucuuccagugcaguguugga	caucuuccagugcaguguuggaugguugaaguaugaagcuccuaacacugucugguaaagaug	chr6:124717917..124717980:-
chrX_10735	2.4	7 +/- 11%	-	11	11	0	0	yes	mmu-miR-5132-5p_MIMAT0020643_Mus_musculus_miR-5132-5p	-	-	-	uggggugguggacucaggcuuc	agccugauguuccccaucccgca	uggggugguggacucaggcuucuggagcugaagccugauguuccccaucccgca	chrX:74023534..74023588:-
chrX_10684	2.4	7 +/- 11%	-	93	93	0	0	yes	mmu-miR-19b-3p_MIMAT0000513_Mus_musculus_miR-19b-3p	-	-	-	ugugcaaauccaugcaaaacuga	aguuuugcagauuugcaguucagc	aguuuugcagauuugcaguucagcguauaugugaauauauggcugugcaaauccaugcaaaacuga	chrX:52741990..52742056:-
chr4_7386	2.3	7 +/- 11%	-	27070	26855	0	215	yes	mmu-miR-200b-3p_MIMAT0000233_Mus_musculus_miR-200b-3p	-	-	-	uaauacugccugguaaugaug	caucuuacugggcagcauugga	caucuuacugggcagcauuggauagugucugaucucuaauacugccugguaaugaug	chr4:156055685..156055742:-
chr12_1579	2.3	7 +/- 11%	-	118011	118011	0	0	yes	mmu-miR-381-3p_MIMAT0000746_Mus_musculus_miR-381-3p	-	-	-	uauacaagggcaagcucucugu	agcgagguugcccuuuguauauu	agcgagguugcccuuuguauauucgguuuauugacauggaauauacaagggcaagcucucugu	chr12:109726828..109726891:+
chr15_2836	2.3	7 +/- 11%	-	13	13	0	0	yes	mmu-miR-5113_MIMAT0020621_Mus_musculus_miR-5113	-	-	-	gacagaggaggagagagauccug	gggucacucccuccucucugcuc	gacagaggaggagagagauccuguuuaacucacugcaacaccagggucacucccuccucucugcuc	chr15:80940047..80940113:+
chr7_8513	2.3	7 +/- 11%	-	1536	1536	0	0	yes	mmu-miR-3099-3p_MIMAT0014816_Mus_musculus_miR-3099-3p	-	-	-	uaggcuagagagagguugg	agcuuccuuccagcccuug	agcuuccuuccagcccuugauguuuuaguacgcacauaggcuagagagagguugg	chr7:6803601..6803656:+
chr11_530	2.3	7 +/- 11%	-	8558	8558	0	0	yes	mmu-miR-218-5p_MIMAT0000663_Mus_musculus_miR-218-5p	-	-	-	uugugcuugaucuaaccaugu	augguucugucaagcaccgcg	uugugcuugaucuaaccaugugguggaacgauggaaacggaacaugguucugucaagcaccgcg	chr11:35616839..35616903:+
chr4_6868	2.3	7 +/- 11%	-	3218	3173	0	45	yes	mmu-miR-455-5p_MIMAT0003485_Mus_musculus_miR-455-5p	-	-	-	uaugugccuuuggacuacaucgu	gcaguccacgggcauauacacu	uaugugccuuuggacuacaucgugaacgcagcaccaugcaguccacgggcauauacacu	chr4:63256866..63256925:+
chr4_7382	2.3	7 +/- 11%	-	3641	3641	0	0	yes	mmu-miR-429-3p_MIMAT0001537_Mus_musculus_miR-429-3p	-	-	-	uaauacugucugguaaugccgu	gucuuaccagacaugguuaga	gucuuaccagacaugguuagaucuggaugcaucugucuaauacugucugguaaugccgu	chr4:156053915..156053974:-
chr2_5410	2.3	7 +/- 11%	-	802	802	0	0	yes	mmu-miR-669c-5p_MIMAT0003479_Mus_musculus_miR-669c-5p	-	-	-	auaguuguguguggaugugugu	acacacacacacaaguaaac	auaguuguguguggauguguguauuugcauauaaauaacauacacacacacacacaaguaaac	chr2:10509318..10509381:+
chr4_7384	2.3	7 +/- 11%	-	33406	29869	0	3537	yes	mmu-miR-200a-3p_MIMAT0000519_Mus_musculus_miR-200a-3p	-	-	-	uaacacugucugguaacgaug	caucuuaccggacagugcugga	caucuuaccggacagugcuggauuucuuggcuugacucuaacacugucugguaacgaug	chr4:156054911..156054970:-
chr6_8263	2.3	7 +/- 11%	-	4103	4103	0	0	yes	mmu-miR-96-5p_MIMAT0000541_Mus_musculus_miR-96-5p	-	-	-	uuuggcacuagcacauuuuugcu	caaucauguguagugccaauau	uuuggcacuagcacauuuuugcuugugucucuccgcugugagcaaucauguguagugccaauau	chr6:30169464..30169528:-
chr2_5406	2.3	7 +/- 11%	-	36	36	0	0	yes	mmu-miR-467e-5p_MIMAT0005293_Mus_musculus_miR-467e-5p	-	-	-	uaagugugagcauguauaugug	cauauacauacacacaccuaua	uaagugugagcauguauauguguguauauuuuaugcauauacauacacacaccuaua	chr2:10505731..10505788:+
chr12_1487	2.3	7 +/- 11%	-	56	56	0	0	yes	mmu-miR-665-3p_MIMAT0003733_Mus_musculus_miR-665-3p	-	-	-	accaggaggcugaggucc	gccucugccucuauccaggauua	gccucugccucuauccaggauuauguuuuuaugaccaggaggcugaggucc	chr12:109586334..109586385:+
chrX_10634	2.3	7 +/- 11%	-	21	21	0	0	yes	mmu-miR-500-3p_MIMAT0003507_Mus_musculus_miR-500-3p	-	-	-	aaugcaccugggcaaggguuc	auccuugcuaucugggugcuuagugc	auccuugcuaucugggugcuuagugcuaucucaaugcaaugcaccugggcaaggguuc	chrX:7237695..7237753:-
chr10_126	2.3	7 +/- 11%	-	15	15	0	0	yes	mmu-miR-3057-5p_MIMAT0014822_Mus_musculus_miR-3057-5p	-	-	-	auuggagcugagauucugcggga	ccacaggcccagcucauagca	auuggagcugagauucugcgggauggauuaggaguauauuguccucccacaggcccagcucauagca	chr10:81271609..81271676:+
chrX_10598	2.3	7 +/- 11%	-	1622	1622	0	0	yes	mmu-miR-98-5p_MIMAT0000545_Mus_musculus_miR-98-5p	-	-	-	ugagguaguaaguuguauuguu	cuauacaacuuacuacuuuccu	ugagguaguaaguuguauuguugugggguagggauuuuaggccccaguaagaagauaacuauacaacuuacuacuuuccu	chrX:151913228..151913308:+
chr12_1553	2.2	7 +/- 11%	-	120	120	0	0	yes	mmu-miR-758-3p_MIMAT0003889_Mus_musculus_miR-758-3p	-	-	-	uuugugaccugguccacuaacc	gugguugaccagagagcacacg	gugguugaccagagagcacacgcuauauuugugccguuugugaccugguccacuaacc	chr12:109712821..109712879:+
chr19_4388	2.2	7 +/- 11%	-	1758	1757	1	0	yes	mmu-miR-192-5p_MIMAT0000517_Mus_musculus_miR-192-5p	-	-	-	cugaccuaugaauugacagccag	ggcugccaauuccauaggucacag	cugaccuaugaauugacagccaguacucuuuucucuccucuggcugccaauuccauaggucacag	chr19:6264856..6264921:+
chr11_937	2.2	7 +/- 11%	-	1981	1981	0	0	yes	mmu-miR-146a-5p_MIMAT0000158_Mus_musculus_miR-146a-5p	-	-	-	ugagaacugaauuccauggguu	ccugugaaauucaguucuucag	ugagaacugaauuccauggguuauaucaaugucagaccugugaaauucaguucuucag	chr11:43374398..43374456:-
chr7_9014	2.2	7 +/- 11%	-	33	32	0	1	yes	mmu-miR-344c-3p_MIMAT0014928_Mus_musculus_miR-344c-3p	-	-	-	ugaucuagucaaagccugaca	agucaggcugcuggcuagagu	agucaggcugcuggcuagaguacagcuaucagcugguaccugaucuagucaaagccugaca	chr7:61837324..61837385:-
chr7_9012	2.2	7 +/- 11%	-	53	53	0	0	yes	mmu-miR-344b-3p_MIMAT0014926_Mus_musculus_miR-344b-3p	-	-	-	cauuuagccaaagccugacugu	agucaggcuccuggcuaaaguuc	agucaggcuccuggcuaaaguucagcuuucagcugcauuuagccaaagccugacugu	chr7:61790521..61790578:-
chr19_4644	2.2	7 +/- 11%	-	397	397	0	0	yes	mmu-miR-107-3p_MIMAT0000647_Mus_musculus_miR-107-3p	-	-	-	agcagcauuguacagggcuau	agcuucuuuacaguguugccuug	agcuucuuuacaguguugccuuguggcauggaguucaagcagcauuguacagggcuau	chr19:34820701..34820759:-
chr2_5400	2.2	7 +/- 11%	-	19	19	0	0	yes	mmu-miR-669b-5p_MIMAT0003476_Mus_musculus_miR-669b-5p	-	-	-	aguuuugugugcaugugcaug	uauacauacacacaaacauau	aguuuugugugcaugugcaugugugucuauuaauguacauauacauacacacaaacauau	chr2:10467813..10467873:+
chrX_10731	2.2	7 +/- 11%	-	42	39	0	3	yes	mmu-miR-452-5p_MIMAT0001637_Mus_musculus_miR-452-5p	-	-	-	aacuguuugcagaggaaacuga	ucagucucaucugcaaagagg	aacuguuugcagaggaaacugagacuuuauaacuaugucucagucucaucugcaaagagg	chrX:72262235..72262295:-
chrX_10691	2.2	7 +/- 11%	-	102	100	0	2	yes	mmu-miR-450a-5p_MIMAT0001546_Mus_musculus_miR-450a-5p	-	-	-	uuuugcgauguguuccuaau	auugggaacauuuugcauaa	uuuugcgauguguuccuaauaugugcuauaauuauauugggaacauuuugcauaa	chrX:53048172..53048227:-
chr2_5805	2.2	7 +/- 11%	-	66	66	0	0	yes	mmu-miR-124-3p_MIMAT0000134_Mus_musculus_miR-124-3p	-	-	-	uaaggcacgcggugaaug	uucacagcggaccuugau	uucacagcggaccuugauuuaaugucuauacaauuaaggcacgcggugaaug	chr2:180894048..180894100:+
chr11_938	2.2	7 +/- 11%	-	1981	1981	0	0	yes	mmu-miR-146a-5p_MIMAT0000158_Mus_musculus_miR-146a-5p	-	-	-	ugagaacugaauuccauggguu	ccugggaggaaggccucauc	ccugggaggaaggccucaucuggagagucuguguguauccccagcucugagaacugaauuccauggguu	chr11:43374434..43374503:-
chr6_8432	2.2	7 +/- 11%	-	230	230	0	0	yes	mmu-miR-7043-3p_MIMAT0027991_Mus_musculus_miR-7043-3p	-	-	-	acugugccucucuguuuucag	gaaagcagagaggcauuuuuc	gaaagcagagaggcauuuuucucugucgcagcuacuugaguacugugccucucuguuuucag	chr6:116645977..116646039:-
chr14_2435	2.2	7 +/- 11%	-	777	777	0	0	yes	mmu-miR-598-3p_MIMAT0004942_Mus_musculus_miR-598-3p	-	-	-	uacgucaucgucgucaucguu	ugaugccgauggugcgagc	ugaugccgauggugcgagcugaaaaugggcugcuacgucaucgucgucaucguu	chr14:63727202..63727256:+
chr9_9834	2.2	7 +/- 11%	-	16497	16497	0	0	yes	mmu-let-7a-5p_MIMAT0000521_Mus_musculus_let-7a-5p	-	-	-	ugagguaguagguuguauaguu	cuguacagccuccuagcuuucc	ugagguaguagguuguauaguuuagaguuacaucaagggagauaacuguacagccuccuagcuuucc	chr9:41536731..41536798:+
chr1_4721	2.2	7 +/- 11%	-	34	34	0	0	yes	mmu-miR-206-3p_MIMAT0000239_Mus_musculus_miR-206-3p	-	-	-	uggaauguaaggaagugugu	augcuucuuuauauccucaua	augcuucuuuauauccucauagauaucucagcacuauggaauguaaggaagugugu	chr1:20679018..20679074:+
chr14_2507	2.2	7 +/- 11%	-	49	49	0	0	yes	mmu-miR-19a-3p_MIMAT0000651_Mus_musculus_miR-19a-3p	-	-	-	ugugcaaaucuaugcaaaacuga	aguuuugcauaguugcacuac	aguuuugcauaguugcacuacaagaagaauguaguugugcaaaucuaugcaaaacuga	chr14:115044012..115044070:+
chr8_9366	2.2	7 +/- 11%	-	37	35	0	2	yes	mmu-miR-138-5p_MIMAT0000150_Mus_musculus_miR-138-5p	-	-	-	agcugguguugugaaucaggc	gcuauuucacgacaccagggu	agcugguguugugaaucaggccgacgagcagcgcauccucuuacccggcuauuucacgacaccagggu	chr8:94324311..94324379:+
chr12_1560	2.2	7 +/- 11%	-	865	855	0	10	yes	mmu-miR-679-5p_MIMAT0003455_Mus_musculus_miR-679-5p	-	-	-	uuggacugugaggugacucuug	caagguccuccucacaguagc	uuggacugugaggugacucuuggugugugauggcuuuucagcaagguccuccucacaguagc	chr12:109715584..109715646:+
chr11_684	2.2	7 +/- 11%	-	24	12	0	12	yes	mmu-miR-365-2-5p_MIMAT0017179_Mus_musculus_miR-365-2-5p	-	-	-	agggacuuucaggggcagcugug	uaaugccccuaaaaauccuu	agggacuuucaggggcagcuguguuuccugacucagucauaaugccccuaaaaauccuu	chr11:79726427..79726486:+
chr8_9541	2.1	7 +/- 11%	-	484	484	0	0	yes	mmu-miR-383-5p_MIMAT0000748_Mus_musculus_miR-383-5p	-	-	-	agaucagaaggugacuguggcu	ccacagcacugccuggucaga	agaucagaaggugacuguggcuuuggguggauauuaaucagccacagcacugccuggucaga	chr8:38252137..38252199:-
chr16_3379	2.1	7 +/- 11%	-	30	30	0	0	yes	mmu-miR-6540-5p_MIMAT0025585_Mus_musculus_miR-6540-5p	-	-	-	cuaaggcaggcagacuucagu	ugaagcuugcuuaccuccaaa	cuaaggcaggcagacuucaguguugcccauuucucaguucucugaagcuugcuuaccuccaaa	chr16:42303383..42303446:-
chr13_2031	2.1	7 +/- 11%	-	34	34	0	0	yes	mmu-miR-582-3p_MIMAT0005292_Mus_musculus_miR-582-3p	-	-	-	uaaccuguugaacaacugaac	acaguuguucaaccaguuacu	acaguuguucaaccaguuacuaaucuaacuaauuguaaccuguugaacaacugaac	chr13:109324754..109324810:+
chr2_5402	2.1	7 +/- 11%	-	32	32	0	0	yes	mmu-miR-669l-5p_MIMAT0009418_Mus_musculus_miR-669l-5p	-	-	-	aguugugugugcauguauaugu	auauacauacacacccauauau	aguugugugugcauguauauguguguauaugaauauacauauacauacacacccauauau	chr2:10468988..10469048:+
chr15_2918	2.1	7 +/- 11%	-	11	11	0	0	yes	mmu-miR-1941-5p_MIMAT0009405_Mus_musculus_miR-1941-5p	-	-	-	agggagaugcugguacagag	cuuagcaguaucucccauc	agggagaugcugguacagaggcuugggguuuugagggcaucuuagcaguaucucccauc	chr15:101369363..101369422:+
chrX_10726	2.1	7 +/- 11%	-	16	16	0	0	yes	mmu-miR-547-3p_MIMAT0003173_Mus_musculus_miR-547-3p	-	-	-	cuugguacaucuuugagugaga	ucacuugaggauguaccaccca	ucacuugaggauguaccacccauuuaacaggaaacaugcuugguacaucuuugagugaga	chrX:67988381..67988441:-
chr19_4383	2.1	7 +/- 11%	-	78	78	0	0	yes	mmu-miR-6988-3p_MIMAT0027879_Mus_musculus_miR-6988-3p	-	-	-	ugaccucuguaucuccugccagc	ugggguggagagcugaggcccagg	ugggguggagagcugaggcccagguagcucagccugaccucuguaucuccugccagc	chr19:6051336..6051393:+
chr7_9002	2.1	7 +/- 11%	-	45	45	0	0	yes	mmu-miR-344d-3p_MIMAT0014808_Mus_musculus_miR-344d-3p	-	-	-	gauauaaccacugccagacuga	agucugguugcuggcuauauucca	agucugguugcuggcuauauuccaggacuuaucugguccuggauauaaccacugccagacuga	chr7:61685278..61685341:-
chr3_6203	2.1	7 +/- 11%	-	66	66	0	0	yes	mmu-miR-124-3p_MIMAT0000134_Mus_musculus_miR-124-3p	-	-	-	uaaggcacgcggugaaug	uucacagcggaccuugau	uucacagcggaccuugauuuaaugucauacaauuaaggcacgcggugaaug	chr3:17795689..17795740:+
chr17_3878	2.1	7 +/- 11%	-	12	11	0	1	yes	mmu-miR-3082-3p_MIMAT0014873_Mus_musculus_miR-3082-3p	-	-	-	cacauggcacucaacucugcag	cagagugugugugucugugu	cagagugugugugucuguguggagacaggaguugcccacacauggcacucaacucugcag	chr17:25831365..25831425:-
chr2_5418	2.1	7 +/- 11%	-	58	48	0	10	yes	mmu-miR-669o-5p_MIMAT0009421_Mus_musculus_miR-669o-5p	-	-	-	aguugugugugcauguuuaugu	acauaacauacacacacacgu	aguugugugugcauguuuauguguguauuugaauauacauaacauacacacacacgu	chr2:10514318..10514375:+
chr6_8253	2.1	7 +/- 11%	-	21	21	0	0	yes	mmu-miR-592-5p_MIMAT0003730_Mus_musculus_miR-592-5p	-	-	-	uugugucaauaugcgaugaugu	gucaucacguggugacgcaaca	uugugucaauaugcgaugauguguugugauggcacagcgucaucacguggugacgcaaca	chr6:27936672..27936732:-
chr12_1556	2.1	7 +/- 11%	-	1002	748	0	254	yes	mmu-miR-329-5p_MIMAT0017032_Mus_musculus_miR-329-5p	-	-	-	agagguuuucugggucucuguu	aacacacccagcuaaccuuuu	agagguuuucugggucucuguuucuuugaugagaaugaaacacacccagcuaaccuuuu	chr12:109713502..109713561:+
chr3_6342	2.1	7 +/- 11%	-	15	15	0	0	yes	mmu-miR-190b-5p_MIMAT0004852_Mus_musculus_miR-190b-5p	-	-	-	ugauauguuugauauuggguugu	aacugaaugucaagcauacucuca	ugauauguuugauauuggguuguuaaauuaugaaccaacugaaugucaagcauacucuca	chr3:90070029..90070089:+
chr5_7473	2.1	7 +/- 11%	-	65	65	0	0	yes	mmu-miR-7689-3p_MIMAT0029909_Mus_musculus_miR-7689-3p	-	-	-	uuagagccagacugccugggu	cgaggcagccuggcuuagugg	cgaggcagccuggcuuaguggaaaaggaacaggcuuuagagccagacugccugggu	chr5:36301570..36301626:+
chr8_9611	2.1	7 +/- 11%	-	5744	5744	0	0	yes	mmu-miR-181d-5p_MIMAT0004324_Mus_musculus_miR-181d-5p	-	-	-	aacauucauuguugucggugggu	ccaccgggggaugaaugucac	aacauucauuguugucgguggguugugaggaggcagccagacccaccgggggaugaaugucac	chr8:84178718..84178781:-
chr12_1495	2.1	7 +/- 11%	-	438692	436287	0	2405	yes	mmu-miR-127-3p_MIMAT0000139_Mus_musculus_miR-127-3p	-	-	-	ucggauccgucugagcuuggcug	gaagcucagagggcucugauu	gaagcucagagggcucugauucagaaagaucaucggauccgucugagcuuggcug	chr12:109592855..109592910:+
chr5_7498	2	7 +/- 11%	-	7690	7690	0	0	yes	mmu-miR-218-5p_MIMAT0000663_Mus_musculus_miR-218-5p	-	-	-	uugugcuugaucuaaccaugu	augguuccgucaagcaccaug	uugugcuugaucuaaccaugugcuugcgagguaugagaaaaacaugguuccgucaagcaccaug	chr5:48223965..48224029:+
chr12_1602	2	7 +/- 11%	-	141481	141481	0	0	yes	mmu-miR-541-5p_MIMAT0003170_Mus_musculus_miR-541-5p	-	-	-	aagggauucugauguugguc	cgaacacagaauccauacu	aagggauucugauguuggucacacuccaagaguuuuaaaaugaguggcgaacacagaauccauacu	chr12:109742421..109742487:+
chrX_10774	2	7 +/- 11%	-	450	450	0	0	yes	mmu-miR-421-3p_MIMAT0004869_Mus_musculus_miR-421-3p	-	-	-	aucaacagacauuaauugggcgc	ccucauuaaauguuuguugaauga	ccucauuaaauguuuguugaaugaaaaaaugaaucaucaacagacauuaauugggcgc	chrX:103572929..103572987:-
chr2_5398	2	7 +/- 11%	-	13	13	0	0	yes	mmu-miR-669e-5p_MIMAT0005853_Mus_musculus_miR-669e-5p	-	-	-	ugucuugugugugcauguucauu	cacucaugcacacacacaca	ugucuugugugugcauguucauuuguguauaugaauaugaauauacacacacuuacacacucaugcacacacacaca	chr2:10467536..10467613:+
chr14_2439	2	7 +/- 11%	-	66	66	0	0	yes	mmu-miR-124-3p_MIMAT0000134_Mus_musculus_miR-124-3p	-	-	-	uaaggcacgcggugaaug	uucacagcggaccuugau	uucacagcggaccuugauuuaaauguccauacaauuaaggcacgcggugaaug	chr14:64590673..64590726:+
chr3_6300	2	7 +/- 11%	-	668	668	0	0	yes	mmu-miR-16-5p_MIMAT0000527_Mus_musculus_miR-16-5p	-	-	-	uagcagcacguaaauauuggc	caauauuauugugcugcuuua	uagcagcacguaaauauuggcguagugaaauaaauauuaaacaccaauauuauugugcugcuuua	chr3:69009917..69009982:+
chr11_514	2	7 +/- 11%	-	365	271	0	94	yes	mmu-miR-216a-5p_MIMAT0000662_Mus_musculus_miR-216a-5p	-	-	-	uaaucucagcuggcaacugug	cacaguggucucugggauuaug	uaaucucagcuggcaacugugagaugucccuaucauuccucacaguggucucugggauuaug	chr11:28757017..28757079:+
chr10_397	2	7 +/- 11%	-	27	27	0	0	yes	mmu-miR-1251-5p_MIMAT0014824_Mus_musculus_miR-1251-5p	-	-	-	acucuagcugccaaaggcgcu	cgcuuugcucagccaguguag	acucuagcugccaaaggcgcuucuccuucugaacagagcgcuuugcucagccaguguag	chr10:92137151..92137210:-
chr14_2511	2	7 +/- 11%	-	93	93	0	0	yes	mmu-miR-19b-3p_MIMAT0000513_Mus_musculus_miR-19b-3p	-	-	-	ugugcaaauccaugcaaaacuga	aguuuugcagguuugcauccagc	aguuuugcagguuugcauccagcuguauaauauucugcugugcaaauccaugcaaaacuga	chr14:115044319..115044380:+
chr8_9332	2	7 +/- 11%	-	18680	18680	0	0	yes	mmu-miR-24-3p_MIMAT0000219_Mus_musculus_miR-24-3p	-	-	-	uggcucaguucagcaggaacag	aacccugcagaaugucugccgug	uggcucaguucagcaggaacaggaguccagcccccuaggagcuggcaacccugcagaaugucugccgug	chr8:84208874..84208943:+
chr12_1557	2	7 +/- 11%	-	105	104	0	1	yes	mmu-miR-494-3p_MIMAT0003182_Mus_musculus_miR-494-3p	-	-	-	ugaaacauacacgggaaaccucu	agagguuguccguguugucu	agagguuguccguguugucuucucuuuauuuaugaugaaacauacacgggaaaccucu	chr12:109715331..109715389:+
chr12_1479	2	7 +/- 11%	-	2011	2007	4	0	yes	mmu-miR-673-5p_MIMAT0003739_Mus_musculus_miR-673-5p	-	-	-	cucacagcucugguccuugg	augcaagagcugugggag	augcaagagcugugggaggucuggcuuuggagccugaggggcucacagcucugguccuugg	chr12:109571962..109572023:+
chr15_3057	2	7 +/- 11%	-	10	10	0	0	yes	mmu-miR-7213-5p_MIMAT0028394_Mus_musculus_miR-7213-5p	-	-	-	acugggucucuugagguag	accucaagagagccagucu	acugggucucuugagguagccugaaaggaaggggggcuaccucaagagagccagucu	chr15:79998969..79999026:-
chr12_1508	2	7 +/- 11%	-	210	208	0	2	yes	mmu-miR-1188-5p_MIMAT0005843_Mus_musculus_miR-1188-5p	-	-	-	uggugugagguugggccaggaug	cgaggcuccccaccacacccugc	uggugugagguugggccaggaugaaacccaaggcucuccgaggcuccccaccacacccugc	chr12:109611840..109611901:+
chr11_635	2	7 +/- 11%	-	107	53	0	54	yes	mmu-miR-324-5p_MIMAT0000555_Mus_musculus_miR-324-5p	-	-	-	cgcauccccuagggcauuggug	acugccccaggugcugcuggg	cgcauccccuagggcauugguguaaagcuggagacccacugccccaggugcugcuggg	chr11:70012059..70012117:+
chr11_531	1.9	0 +/- 0%	-	3462	3462	0	0	yes	mmu-miR-103-3p_MIMAT0000546_Mus_musculus_miR-103-3p	-	-	-	agcagcauuguacagggcuauga	ucggcuucuuuacagugcugccuug	ucggcuucuuuacagugcugccuuguugcauauggaucaagcagcauuguacagggcuauga	chr11:35782407..35782469:+
chr2_5562	1.9	0 +/- 0%	-	61	61	0	0	yes	mmu-miR-10b-5p_MIMAT0000208_Mus_musculus_miR-10b-5p	-	-	-	uacccuguagaaccgaauuugu	agauucgauucuaggggaaua	uacccuguagaaccgaauuugugugguacccacauagucacagauucgauucuaggggaaua	chr2:74726073..74726135:+
chr2_5801	1.9	0 +/- 0%	-	36	36	0	0	yes	mmu-miR-1a-3p_MIMAT0000123_Mus_musculus_miR-1a-3p	-	-	-	uggaauguaaagaaguauguau	acauacuucuuuauaugcccaua	acauacuucuuuauaugcccauaugaaccugcuaagcuauggaauguaaagaaguauguau	chr2:180389056..180389117:+
chrX_10697	1.9	0 +/- 0%	-	358	358	0	0	yes	mmu-miR-351-5p_MIMAT0000609_Mus_musculus_miR-351-5p	-	-	-	ucccugaggagcccuuugag	caagaggcgccugggaac	ucccugaggagcccuuugagccuggagugaaaaaaaaaaacaggucaagaggcgccugggaac	chrX:53053275..53053338:-
chr12_1584	1.9	0 +/- 0%	-	149	149	0	0	yes	mmu-miR-539-5p_MIMAT0003169_Mus_musculus_miR-539-5p	-	-	-	ggagaaauuauccuuggugugu	auacaaggauaauuucuuuuu	ggagaaauuauccuugguguguuggcucuuuuggaugaaucauacaaggauaauuucuuuuu	chr12:109728135..109728197:+
chr7_9004	1.9	0 +/- 0%	-	45	45	0	0	yes	mmu-miR-344d-3p_MIMAT0014808_Mus_musculus_miR-344d-3p	-	-	-	gauauaaccacugccagacuga	agucaggcugcuggugauucucca	agucaggcugcuggugauucuccaggacuuaucugguccuggauauaaccacugccagacuga	chr7:61706597..61706660:-
chr12_1543	1.9	0 +/- 0%	-	52269	52259	0	10	yes	mmu-miR-379-5p_MIMAT0000743_Mus_musculus_miR-379-5p	-	-	-	ugguagacuauggaacguagg	uuccaugguuccugaagaga	uuccaugguuccugaagagaugguagacuauggaacguagg	chr12:109709044..109709085:+
chr9_9832	1.9	0 +/- 0%	-	7982	7982	0	0	yes	mmu-miR-100-5p_MIMAT0000655_Mus_musculus_miR-100-5p	-	-	-	aacccguagauccgaacuugug	caagcuugugucuauagguaug	aacccguagauccgaacuugugcugauucugcacacaagcuugugucuauagguaug	chr9:41531436..41531493:+
chr10_447	1.8	0 +/- 0%	-	594	594	0	0	yes	mmu-miR-378d_MIMAT0025167_Mus_musculus_miR-378d	-	-	-	acuggccuuggagucagaaggu	cugugauuuuuagggugucaguuu	acuggccuuggagucagaagguuugugauuugguggcagcucugccauccaauaucccugugauuuuuagggugucaguuu	chr10:126710295..126710376:-
chr2_5645	1.8	0 +/- 0%	-	16	16	0	0	yes	mmu-miR-147-3p_MIMAT0004857_Mus_musculus_miR-147-3p	-	-	-	gugugcggaaaugcuucug	gaaacauuucugcacaaac	gaaacauuucugcacaaacuagauguugaugccagugugcggaaaugcuucug	chr2:122640815..122640868:+
chr2_5473	1.8	0 +/- 0%	-	17	17	0	0	yes	mmu-miR-3089-3p_MIMAT0014900_Mus_musculus_miR-3089-3p	-	-	-	agcaucugcugauccugagc	ucagggacagcgugucuca	ucagggacagcgugucucaguuucucugucugagcaucugcugauccugagc	chr2:30721226..30721278:+
chr9_10250	1.8	0 +/- 0%	-	266	266	0	0	yes	mmu-miR-184-3p_MIMAT0000213_Mus_musculus_miR-184-3p	-	-	-	uggacggagaacugauaagggu	ccuuaucacuuuuccagccagc	ccuuaucacuuuuccagccagcuuugugacucuaaguguuggacggagaacugauaagggu	chr9:89802262..89802323:-
chr7_9000	1.8	0 +/- 0%	-	45	45	0	0	yes	mmu-miR-344d-3p_MIMAT0014808_Mus_musculus_miR-344d-3p	-	-	-	gauauaaccacugccagacuga	agucaggcugcuggcuauacacca	agucaggcugcuggcuauacaccaggacuuaucugguccuggauauaaccacugccagacuga	chr7:61683126..61683189:-
chr11_516	1.8	0 +/- 0%	-	1118	1118	0	0	yes	mmu-miR-217-5p_MIMAT0000679_Mus_musculus_miR-217-5p	-	-	-	auacugcaucaggaacugacugg	caucaguuccuaaugcauugccu	auacugcaucaggaacugacuggauaagacuuaauccccaucaguuccuaaugcauugccu	chr11:28763759..28763820:+
chr7_8998	1.8	0 +/- 0%	-	45	45	0	0	yes	mmu-miR-344d-3p_MIMAT0014808_Mus_musculus_miR-344d-3p	-	-	-	gauauaaccacugccagacuga	aguuaggcugcuggcuauacucca	aguuaggcugcuggcuauacuccaggacuuaccuuguccuggauauaaccacugccagacuga	chr7:61681521..61681584:-
chr2_5504	1.8	0 +/- 0%	-	22786	22786	0	0	yes	mmu-miR-181a-5p_MIMAT0000210_Mus_musculus_miR-181a-5p	-	-	-	aacauucaacgcugucgguga	accgaccguugacuguacc	aacauucaacgcugucggugaguuugggauucaaaaacaaaaaaaccaccgaccguugacuguacc	chr2:38852740..38852806:+
chr8_9219	1.7	0 +/- 0%	-	11	11	0	0	yes	mmu-miR-7065-3p_MIMAT0028035_Mus_musculus_miR-7065-3p	-	-	-	uugguuuuccuguuugcacagg	aguguagcagguaaaccagga	aguguagcagguaaaccaggaaucucucucaggucuugguuuuccuguuugcacagg	chr8:13136076..13136133:+
chr2_5669	1.7	0 +/- 0%	-	3465	3464	1	0	yes	mmu-miR-103-3p_MIMAT0000546_Mus_musculus_miR-103-3p	-	-	-	agcagcauuguacagggcuauga	agcuucuuuacagugcugccuu	agcuucuuuacagugcugccuuguagcauucaggucaagcagcauuguacagggcuauga	chr2:131288065..131288125:+
chr1_4936	1.7	0 +/- 0%	-	4935	4935	0	0	yes	mmu-miR-181b-5p_MIMAT0000673_Mus_musculus_miR-181b-5p	-	-	-	aacauucauugcugucggug	cugaacaaugaaugcaac	aacauucauugcugucgguggguugaacuguguagaaaagcucacugaacaaugaaugcaac	chr1:137966649..137966711:+
chrX_10693	1.7	0 +/- 0%	-	102	100	0	2	yes	mmu-miR-450a-5p_MIMAT0001546_Mus_musculus_miR-450a-5p	-	-	-	uuuugcgauguguuccuaau	auuggggaugcuuugcauuc	uuuugcgauguguuccuaauauguacuaugaguauauuggggaugcuuugcauuc	chrX:53048305..53048360:-
chr12_1591	1.7	0 +/- 0%	-	913	913	0	0	yes	mmu-miR-668-3p_MIMAT0003732_Mus_musculus_miR-668-3p	-	-	-	ugucacucggcucggcccacu	ugugccucgggugagcaug	ugugccucgggugagcaugcacuuaauguagguguaugucacucggcucggcccacu	chr12:109734737..109734794:+
chr1_5077	1.7	0 +/- 0%	-	1496	1469	1	26	yes	mmu-miR-29b-3p_MIMAT0000127_Mus_musculus_miR-29b-3p	-	-	-	uagcaccauuugaaaucaguguu	cugguuucacaugguggcuuaga	cugguuucacaugguggcuuagauuuuuccaucuuuguaucuagcaccauuugaaaucaguguu	chr1:195037049..195037113:+
chrX_10665	1.6	0 +/- 0%	-	93	93	0	0	yes	mmu-miR-222-3p_MIMAT0000670_Mus_musculus_miR-222-3p	-	-	-	agcuacaucuggcuacugggu	cugguggcaucaucuagcuuc	agcuacaucuggcuacugggucucugguggcaucaucuagcuuc	chrX:19146879..19146923:-
chr17_3811	1.5	0 +/- 0%	-	11	11	0	0	yes	mmu-miR-7065-3p_MIMAT0028035_Mus_musculus_miR-7065-3p	-	-	-	uugguuuuccuguuugcacagg	gguguagcagguaaaccagga	gguguagcagguaaaccaggaaucucucucaggucuugguuuuccuguuugcacagg	chr17:91106214..91106271:+
chr17_3567	1.5	0 +/- 0%	-	10	10	0	0	yes	mmu-miR-6966-3p_MIMAT0027835_Mus_musculus_miR-6966-3p	-	-	-	ugcugugugcuuccucugcag	ucggggauguggacagcaca	ucggggauguggacagcacagccaucucagaucaaugagagcaugugcugugugcuuccucugcag	chr17:25780813..25780879:+
chr9_10153	1.5	0 +/- 0%	-	239	236	0	3	yes	mmu-miR-34c-5p_MIMAT0000381_Mus_musculus_miR-34c-5p	-	-	-	aggcaguguaguuagcugauu	aaucacuaaccacacagccagg	aggcaguguaguuagcugauugcuaauaguaccaaucacuaaccacacagccagg	chr9:51103043..51103098:-
chr2_5506	1.4	0 +/- 0%	-	4935	4935	0	0	yes	mmu-miR-181b-5p_MIMAT0000673_Mus_musculus_miR-181b-5p	-	-	-	aacauucauugcugucggug	cugaucaaugaaugcaaa	aacauucauugcugucgguggguuugaaugucaaccaacucacugaucaaugaaugcaaa	chr2:38853844..38853904:+
chr9_9965	1.4	0 +/- 0%	-	913	913	0	0	yes	mmu-miR-135a-5p_MIMAT0000147_Mus_musculus_miR-135a-5p	-	-	-	uauggcuuuuuauuccuaugug	cgauggaagaagggcccacag	cgauggaagaagggcccacaggggccgccccaggccucacuguucucuauggcuuuuuauuccuaugug	chr9:106154092..106154161:+
chr11_756	1.3	0 +/- 0%	-	75	75	0	0	yes	mmu-miR-10a-5p_MIMAT0000648_Mus_musculus_miR-10a-5p	-	-	-	uacccuguagauccgaauuugu	aaauucguaucuaggggaaua	uacccuguagauccgaauuuguguaaggaauuuuguggucacaaauucguaucuaggggaaua	chr11:96317185..96317248:+
chr8_9615	1.2	0 +/- 0%	-	9	9	0	0	yes	mmu-miR-3074-5p_MIMAT0014856_Mus_musculus_miR-3074-5p	-	-	-	guuccugcugaacugagccagu	uguuucagcucaguaggcacgg	guuccugcugaacugagccagugcacuggaaucaacuguuucagcucaguaggcacgg	chr8:84208836..84208894:-
chr14_2637	1.2	0 +/- 0%	-	14	14	0	0	yes	mmu-miR-15a-5p_MIMAT0000526_Mus_musculus_miR-15a-5p	-	-	-	uagcagcacauaaugguuugug	caggccauacugugcugccuca	uagcagcacauaaugguuuguggauguugaaaaggugcaggccauacugugcugccuca	chr14:61632037..61632096:-
chr13_1981	1.1	0 +/- 0%	-	1115	1115	0	0	yes	mmu-miR-9-5p_MIMAT0000142_Mus_musculus_miR-9-5p	-	-	-	ucuuugguuaucuagcuguaug	uggaguucagccagaggaa	uggaguucagccagaggaaggcagccuugugagggaagcgaguuguuaucuuugguuaucuagcuguaug	chr13:83738772..83738842:+
chr3_6769	1.1	0 +/- 0%	-	39	39	0	0	yes	mmu-miR-3963_MIMAT0019341_Mus_musculus_miR-3963	-	-	-	aucccacuucugacacug	gguuuuagguggaauau	aucccacuucugacacuggugauauuguuuaauaucuuacagguuuuagguggaauau	chr3:151023796..151023854:-
chr1_4934	1	0 +/- 0%	-	22786	22786	0	0	yes	mmu-miR-181a-5p_MIMAT0000210_Mus_musculus_miR-181a-5p	-	-	-	aacauucaacgcugucgguga	aucgaccguugauuguacc	aacauucaacgcugucggugaguuuggaauucaaauaaaaaccaucgaccguugauuguacc	chr1:137966467..137966529:+
chr8_9616	1	0 +/- 0%	-	9	9	0	0	yes	mmu-miR-3074-5p_MIMAT0014856_Mus_musculus_miR-3074-5p	-	-	-	guuccugcugaacugagccagu	uugcucacggcagacauucugcag	uugcucacggcagacauucugcaggguugccagcuccuagggggcuggacuccuguuccugcugaacugagccagu	chr8:84208872..84208948:-
chr13_2203	0.9	0 +/- 0%	-	9	9	0	0	yes	mmu-miR-3074-5p_MIMAT0014856_Mus_musculus_miR-3074-5p	-	-	-	guuccugcugaacugagccagu	ugauaucagcucaguaggcaccg	guuccugcugaacugagccagugugugaaaugagaacugauaucagcucaguaggcaccg	chr13:63301210..63301270:-
chr1_5226	0.8	0 +/- 0%	-	9	9	0	0	yes	mmu-miR-6900-3p_MIMAT0027701_Mus_musculus_miR-6900-3p	-	-	-	uggugaugggcucucuuguagg	ugccaggagaagccuagagccguc	ugccaggagaagccuagagccgucuggacucugauggugaugggcucucuuguagg	chr1:92464481..92464537:-
chr11_1025	0.7	0 +/- 0%	-	8	8	0	0	yes	mmu-miR-497b_MIMAT0031404_Mus_musculus_miR-497b	-	-	-	accacagugugguuuggacgugg	guacaaaccacagugugcugc	accacagugugguuuggacguggccacagugccguacaaaccacagugugcugc	chr11:70234731..70234785:-
chr9_10154	0.5	0 +/- 0%	-	236	236	0	0	yes	mmu-miR-34c-5p_MIMAT0000381_Mus_musculus_miR-34c-5p	-	-	-	aggcaguguaguuagcugauu	ccagcuaaagacugcaugcuuuu	ccagcuaaagacugcaugcuuuuuucugagucuaguuacuaggcaguguaguuagcugauu	chr9:51103077..51103138:-
chr12_1321	0.5	0 +/- 0%	-	757	757	0	0	yes	mmu-miR-5099_MIMAT0020606_Mus_musculus_miR-5099	-	-	-	gcuuagaucgauguggugcu	aauuacauugauuuaagaag	aauuacauugauuuaagaagugguaaugggcuuagaucgauguggugcu	chr12:36816218..36816267:+
chr13_2042	0.4	0 +/- 0%	-	8	8	0	0	yes	mmu-miR-449a-5p_MIMAT0001542_Mus_musculus_miR-449a-5p	-	-	-	uggcaguguauuguuagcuggu	cagcuaacaugcgacugcucuc	uggcaguguauuguuagcugguugaguaugugagcggcaccagcuaacaugcgacugcucuc	chr13:113037548..113037610:+
chrX_10723	0.4	0 +/- 0%	-	8	8	0	0	yes	mmu-miR-470-5p_MIMAT0002111_Mus_musculus_miR-470-5p	-	-	-	uucuuggacuggcacuggugag	aaccaguaccuuucugagaaga	uucuuggacuggcacuggugaguuaaacuaaauacaaccaguaccuuucugagaaga	chrX:66813960..66814017:-
chrX_10722	0.1	0 +/- 0%	-	31	31	0	0	yes	mmu-miR-881-3p_MIMAT0004846_Mus_musculus_miR-881-3p	-	-	-	aacugugucuuuucugaauaga	uauucagagagauaacagucac	uauucagagagauaacagucacaucuuuucuaaaguaacugugucuuuucugaauaga	chrX:66801953..66802011:-
chr10_150	0	0 +/- 0%	-	62	62	0	0	yes	mmu-miR-7688-5p_MIMAT0029906_Mus_musculus_miR-7688-5p	-	-	-	uagcugggcaugaucugaugagc	ucuggcuuaugccuagcuuuc	uagcugggcaugaucugaugagcucacagccaggcucuggcuuaugccuagcuuuc	chr10:93433106..93433162:+
chr1_5286	-0.3	0 +/- 0%	-	7	7	0	0	yes	mmu-miR-6903-3p_MIMAT0027707_Mus_musculus_miR-6903-3p	-	-	-	ugugugucuguuuuucccagg	ugggaaaagcaguacuuaccacaug	ugggaaaagcaguacuuaccacaugucuucagguggcacgcguguguucacugucgugugugucuguuuuucccagg	chr1:133726562..133726639:-
chr10_168	-0.3	0 +/- 0%	-	7	7	0	0	yes	mmu-miR-3059-5p_MIMAT0014811_Mus_musculus_miR-3059-5p	-	-	-	uuuccucucugccccauagggu	ucuagggaagagaagguuggg	uuuccucucugccccauaggguguagcucuaacuacccucuagggaagagaagguuggg	chr10:101772703..101772762:+
chr14_2506	-0.4	0 +/- 0%	-	6	4	0	2	no	mmu-miR-18a-5p_MIMAT0000528_Mus_musculus_miR-18a-5p	-	-	-	uaaggugcaucuagugcagauag	acugcccuaagugcuccuucugg	uaaggugcaucuagugcagauagugaaguagacuagcaucuacugcccuaagugcuccuucugg	chr14:115043866..115043930:+
chr19_4689	-0.4	0 +/- 0%	-	5	5	0	0	yes	mmu-miR-3086-5p_MIMAT0014880_Mus_musculus_miR-3086-5p	-	-	-	uagauuguaggcccauuggaa	ccaaugagccuacagucuaag	uagauuguaggcccauuggaaggguuagcgucuugaccccaaugagccuacagucuaag	chr19:58911685..58911744:-
chr17_3876	-0.4	0 +/- 0%	-	6	6	0	0	yes	mmu-miR-3547-3p_MIMAT0027833_Mus_musculus_miR-3547-3p	-	-	-	ugagcaccaccccucucuc	gaagagggguggggcccggg	gaagagggguggggcccgggacuguacccaugugaggacuauucuugaguccugcucuuguucugagcaccaccccucucuc	chr17:25245552..25245634:-
chrX_10685	-0.6	0 +/- 0%	-	6	6	0	0	yes	mmu-miR-20b-5p_MIMAT0003187_Mus_musculus_miR-20b-5p	-	-	-	caaagugcucauagugcagguag	acugcagugugagcacuucuag	caaagugcucauagugcagguaguuuuuauaccacucuacugcagugugagcacuucuag	chrX:52742121..52742181:-
chr12_1774	-0.6	0 +/- 0%	-	6	6	0	0	yes	mmu-miR-3544-3p_MIMAT0022354_Mus_musculus_miR-3544-3p	-	-	-	acuccugcaugacgccguuc	aaggcaucauauaggagcug	aaggcaucauauaggagcugaauggcugugcaaucaacuccugcaugacgccguuc	chr12:109585814..109585870:-
chr2_5803	-0.7	0 +/- 0%	-	6	6	0	0	yes	mmu-miR-133a-3p_MIMAT0000145_Mus_musculus_miR-133a-3p	-	-	-	uuugguccccuucaaccagcugu	agcugguaaaauggaaccaaauc	agcugguaaaauggaaccaaaucagcuguuggauggauuugguccccuucaaccagcugu	chr2:180398399..180398459:+
chr17_3612	-0.7	0 +/- 0%	-	5	5	0	0	yes	mmu-miR-219c-5p_MIMAT0029892_Mus_musculus_miR-219c-5p	-	-	-	ggacguccagacgcaacucu	aauugcguuuggacaaucagg	ggacguccagacgcaacucucggccggagccagagacucgagaauugcguuuggacaaucagg	chr17:34025011..34025074:+
chr5_7627	-0.8	0 +/- 0%	-	4	3	0	1	yes	mmu-miR-7032-3p_MIMAT0027969_Mus_musculus_miR-7032-3p	-	-	-	auccucucgguaccgcccug	cagggugguccccgagagggugg	cagggugguccccgagagggugguccccacaugggcaaaccagggguccauccucucgguaccgcccug	chr5:123996858..123996927:+
chr11_827	-0.8	0 +/- 0%	-	5	5	0	0	yes	mmu-miR-5621-3p_MIMAT0022370_Mus_musculus_miR-5621-3p	-	-	-	ugggcccuccagaccucaug	ggagguccuggggccgcccuga	ggagguccuggggccgcccugaaggcagaacaugagaauucugggcccuccagaccucaug	chr11:115795824..115795885:+
chr1_4849	-0.9	0 +/- 0%	-	58	58	0	0	no	mmu-miR-5126_MIMAT0020637_Mus_musculus_miR-5126	-	-	-	cgcgggcggggccgggggcgg	gccuccugcagcugcggg	gccuccugcagcugcgggagcccgugguuccccgggcaaccgcgggcggggccgggggcgg	chr1:84695848..84695909:+
chr7_9020	-0.9	0 +/- 0%	-	5	5	0	0	yes	mmu-miR-344g-3p_MIMAT0014930_Mus_musculus_miR-344g-3p	-	-	-	cucuagccaggggcuugacugc	agucaggcuccuggcaggaguc	agucaggcuccuggcaggaguccugcucucagcugguuccaggcucuagccaggggcuugacugc	chr7:61982290..61982355:-
chr18_4222	-0.9	0 +/- 0%	-	6	6	0	0	yes	mmu-miR-133a-3p_MIMAT0000145_Mus_musculus_miR-133a-3p	-	-	-	uuugguccccuucaaccagcugu	agcugguaaaauggaaccaaauc	agcugguaaaauggaaccaaaucgccucuucaauggauuugguccccuucaaccagcugu	chr18:10782911..10782971:-
chr11_1245	-1.1	0 +/- 0%	-	5	5	0	0	yes	mmu-miR-6934-5p_MIMAT0027768_Mus_musculus_miR-6934-5p	-	-	-	uugguggagacagcaagggug	ccucugcuccugccccaccagga	uugguggagacagcaagggugggaugguucaagccaccucugcuccugccccaccagga	chr11:119154073..119154132:-
chr1_5196	-1.1	0 +/- 0%	-	644120	644120	0	0	no	mmu-miR-375-3p_MIMAT0000739_Mus_musculus_miR-375-3p	-	-	-	uuuguucguucggcucgcgug	cgacgagccccucgcacaaacc	cgacgagccccucgcacaaaccggaccugagcguuuuguucguucggcucgcgug	chr1:74900661..74900716:-
chr7_9008	-1.1	0 +/- 0%	-	5	4	0	1	yes	mmu-miR-344e-3p_MIMAT0014924_Mus_musculus_miR-344e-3p	-	-	-	gauauaaccaaagccugacuau	ucaggcuucuggcuauauucc	ucaggcuucuggcuauauuccaggacuuaccugguccuggauauaaccaaagccugacuau	chr7:61735538..61735599:-
chr19_4553	-1.2	0 +/- 0%	-	5	5	0	0	yes	mmu-miR-6986-5p_MIMAT0027874_Mus_musculus_miR-6986-5p	-	-	-	aggggagcuagguagaaagcca	guuuucaccuuccucccagcc	aggggagcuagguagaaagccagaggcauaugugguuuucaccuuccucccagcc	chr19:4623895..4623950:-
chr9_10203	-1.2	0 +/- 0%	-	6	6	0	0	yes	mmu-miR-190a-5p_MIMAT0000220_Mus_musculus_miR-190a-5p	-	-	-	ugauauguuugauauauuaggu	uauauaucaagcauauuccu	ugauauguuugauauauuagguuguuauuuaauccaacuauauaucaagcauauuccu	chr9:67236663..67236721:-
chr1_5213	-1.2	0 +/- 0%	-	38	36	0	2	yes	mmu-miR-3535_MIMAT0031410_Mus_musculus_miR-3535	-	-	-	uggauaugaugacugauuacc	gauagucaaguucugauc	uggauaugaugacugauuaccugagaaauaauugaugaaaucucaagaaaauuccucuagauagucaaguucugauc	chr1:86352010..86352087:-
chr4_7162	-1.3	0 +/- 0%	-	5	5	0	0	yes	mmu-miR-3095-3p_MIMAT0014912_Mus_musculus_miR-3095-3p	-	-	-	uggacacuggagagagagcuuu	agcuuucucaucugugacacu	agcuuucucaucugugacacucgagaugguuucagggaguggacacuggagagagagcuuu	chr4:58441023..58441084:-
chr8_9377	-1.3	0 +/- 0%	-	4	3	0	1	no	mmu-miR-1966-3p_MIMAT0022952_Mus_musculus_miR-1966-3p	-	-	-	uucugacucaacucucccuu	agggagcuggcucaggagagagu	agggagcuggcucaggagagaguccugagauuuaggcucuuucugacucaacucucccuu	chr8:105615481..105615541:+
chr8_9609	-1.3	0 +/- 0%	-	3	3	0	0	yes	mmu-miR-1199-5p_MIMAT0005860_Mus_musculus_miR-1199-5p	-	-	-	ucugagucccggucgcgcgg	gugcggccggugcucagucg	ucugagucccggucgcgcgggcgaggaacucauugaguugcgcgugcggccggugcucagucg	chr8:84011550..84011613:-
chr2_6036	-1.4	0 +/- 0%	-	4	4	0	0	yes	mmu-miR-3473g_MIMAT0031427_Mus_musculus_miR-3473g	-	-	-	caaaagugaggcuggggagagg	ucucuccaaccuucauauuugua	ucucuccaaccuucauauuuguauuuguuagacaagaaguacaaaagugaggcuggggagagg	chr2:126902287..126902350:-
chr12_1480	-1.4	0 +/- 0%	-	2263	2007	0	256	no	mmu-miR-673-5p_MIMAT0003739_Mus_musculus_miR-673-5p	-	-	-	cucacagcucugguccuugg	uccggggcugaguucugugcacc	cucacagcucugguccuuggagcuccagagaaaauguugcuccggggcugaguucugugcacc	chr12:109572003..109572066:+
chr15_3050	-1.4	0 +/- 0%	-	27	27	0	0	no	mmu-miR-1943-5p_MIMAT0009408_Mus_musculus_miR-1943-5p	-	-	-	agggaggaucugggcaccugga	cacugugcuugauauuccuga	cacugugcuugauauuccugaaagcagaaaaccccuggggagccucuggcugggaagggaggaucugggcaccugga	chr15:79375270..79375347:-
chr8_9588	-1.4	0 +/- 0%	-	4	4	0	0	yes	mmu-miR-7068-3p_MIMAT0028043_Mus_musculus_miR-7068-3p	-	-	-	ucacccuggacugacucucag	gaggcucaguauggggugggg	gaggcucaguauggggugggggugucgucgccugcccgacugaccacccacucacccuggacugacucucag	chr8:72470015..72470087:-
chr2_5734	-1.5	0 +/- 0%	-	87	87	0	0	no	mmu-miR-3474_MIMAT0015646_Mus_musculus_miR-3474	-	-	-	cccugggaggagacguggauu	ucugcgucuuguuccagguucagcu	cccugggaggagacguggauucuuuagagugcaucugcgucuuguuccagguucagcu	chr2:158638582..158638640:+
chr11_1142	-1.5	0 +/- 0%	-	4	4	0	0	yes	mmu-miR-6929-3p_MIMAT0027759_Mus_musculus_miR-6929-3p	-	-	-	caggugcugucuucuucuuccag	ggagggaggagcagcaucugug	ggagggaggagcagcaucugugaaggcugccauagaaaccacaggugcugucuucuucuuccag	chr11:101419186..101419250:-
chr15_2823	-1.5	0 +/- 0%	-	28	28	0	0	no	mmu-miR-6956-3p_MIMAT0027813_Mus_musculus_miR-6956-3p	-	-	-	ugaccggccuauccucucagg	ugggugggacuggccuggagucagu	ugggugggacuggccuggagucagucacccugaccggccuauccucucagg	chr15:79002234..79002285:+
chr9_10316	-1.5	0 +/- 0%	-	7123	7123	0	0	no	mmu-miR-128-3p_MIMAT0000140_Mus_musculus_miR-128-3p	-	-	-	ucacagugaaccggucucuuu	gggggccgaugcacuguaagaga	gggggccgaugcacuguaagagagugaguagcaggucucacagugaaccggucucuuu	chr9:112118643..112118701:-
chr19_4389	-1.5	0 +/- 0%	-	19	19	0	0	no	mmu-miR-6989-3p_MIMAT0027881_Mus_musculus_miR-6989-3p	-	-	-	uguccacugucucuggucccagc	uggggacagaggcacaggaugcu	uggggacagaggcacaggaugcuggcugcugaccaccuguccacugucucuggucccagc	chr19:6346485..6346545:+
chr14_2359	-1.6	0 +/- 0%	-	29	29	0	0	no	mmu-miR-346-5p_MIMAT0000597_Mus_musculus_miR-346-5p	-	-	-	ugucugcccgagugccugccucu	ccgaggugcugcgaccaggcgguuagga	ccgaggugcugcgaccaggcgguuaggaggucucuguguugggcgucugucugcccgagugccugccucu	chr14:34894576..34894646:+
chr13_2192	-1.6	0 +/- 0%	-	48	48	0	0	no	mmu-miR-874-3p_MIMAT0004853_Mus_musculus_miR-874-3p	-	-	-	cugcccuggcccgagggaccgac	cggccccacgcaccaggguaagag	cggccccacgcaccaggguaagagagacucacuuccugcccuggcccgagggaccgac	chr13:58023133..58023191:-
chr7_8585	-1.7	0 +/- 0%	-	3	3	0	0	yes	mmu-miR-9769-3p_MIMAT0036462_Mus_musculus_miR-9769-3p	-	-	-	uagggucuguucugugucc	gcacagaauuaggcccgacc	gcacagaauuaggcccgaccuacucugggguagggucuguucugugucc	chr7:30552840..30552889:+
chr15_3032	-1.7	0 +/- 0%	-	26	25	0	1	no	mmu-miR-6952-3p_MIMAT0027805_Mus_musculus_miR-6952-3p	-	-	-	ucucugacucugccucccacag	uggugggcggugaaacaga	uggugggcggugaaacagagagcuuagcaugggucucugacucugccucccacag	chr15:76064827..76064882:-
chr15_3105	-1.7	0 +/- 0%	-	5	2	0	3	yes	mmu-miR-1291_MIMAT0031397_Mus_musculus_miR-1291	-	-	-	auggcucuuacugaagacuagc	caagcagacgccuagagaacu	auggcucuuacugaagacuagcaguuauacacuguagcuguugguuucaagcagacgccuagagaacu	chr15:98519785..98519853:-
chr12_1766	-1.9	0 +/- 0%	-	3	3	0	0	yes	mmu-miR-1936_MIMAT0009400_Mus_musculus_miR-1936	-	-	-	uaacugaccugcugugaacuggc	cagucacacagaggacuuuagu	cagucacacagaggacuuuagucugagaaauugaaacuaacugaccugcugugaacuggc	chr12:102684942..102685002:-
chr17_3515	-1.9	0 +/- 0%	-	15285	15236	49	0	no	mmu-miR-125a-5p_MIMAT0000135_Mus_musculus_miR-125a-5p	-	-	-	ucccugagacccuuuaaccugug	uggggaaaaggguuuuucuggucca	uggggaaaaggguuuuucugguccaccauagcuacacugccggccucugggucccugagacccuuuaaccugug	chr17:17830765..17830839:+
chr8_9233	-1.9	0 +/- 0%	-	586	586	0	0	no	mmu-miR-486a-5p_MIMAT0003130_Mus_musculus_miR-486a-5p	-	-	-	uccuguacugagcugccccgagg	ucagcagccagcucugauc	ucagcagccagcucugaucucgcccucccugagggguccuguacugagcugccccgagg	chr8:23142550..23142609:+
chr8_9437	-2	0 +/- 0%	-	30	30	0	0	no	mmu-miR-7079-3p_MIMAT0028065_Mus_musculus_miR-7079-3p	-	-	-	ugacuucuguucucuuuccagg	cgcccggagggcugaggcagu	cgcccggagggcugaggcagugaguccugugcacagguccuguaggcuccugacuucuguucucuuuccagg	chr8:123104972..123105044:+
chr8_9545	-2	0 +/- 0%	-	12	12	0	0	no	mmu-miR-7666-3p_MIMAT0029839_Mus_musculus_miR-7666-3p	-	-	-	gaugcagcgcacgggcgagaga	ccaaguccaggcuguucuccu	gaugcagcgcacgggcgagagaagcuccaaagcuucccaaguccaggcuguucuccu	chr8:40307836..40307893:-
chrX_10528	-2.1	0 +/- 0%	-	3	3	0	0	yes	mmu-miR-7673-5p_MIMAT0029852_Mus_musculus_miR-7673-5p	-	-	-	uuugacugagagguaaggaaug	uuccuuaccucaccgucaaagg	uuugacugagagguaaggaaugaguuauacuguguuacucauuccuuaccucaccgucaaagg	chrX:94274573..94274636:+
chr8_9327	-2.1	0 +/- 0%	-	816	816	0	0	no	mmu-miR-23a-3p_MIMAT0000532_Mus_musculus_miR-23a-3p	-	-	-	aucacauugccagggauuuc	guuccuggggaugggauuu	guuccuggggaugggauuugaugccagucacaaaucacauugccagggauuuc	chr8:84208529..84208582:+
chr12_1455	-2.1	0 +/- 0%	-	549	549	0	0	no	mmu-miR-342-5p_MIMAT0004653_Mus_musculus_miR-342-5p	-	-	-	aggggugcuaucugugauugag	gaagaccacgaugaagcuccuga	gaagaccacgaugaagcuccugaaccgccagcaccauuugccaucugugaaaaugggcucaaggugaggggugcuaucugugauugag	chr12:108658571..108658659:+
chr1_5048	-2.2	0 +/- 0%	-	4	4	0	0	yes	mmu-miR-215-5p_MIMAT0000904_Mus_musculus_miR-215-5p	-	-	-	augaccuaugauuugacagacc	ucugucauucuguaggccaaua	augaccuaugauuugacagaccgugcagcuguguaugucugucauucuguaggccaaua	chr1:185313609..185313668:+
chr4_7264	-2.3	0 +/- 0%	-	16	14	0	2	no	mmu-miR-7015-3p_MIMAT0027935_Mus_musculus_miR-7015-3p	-	-	-	ucucacuguccucugcacuagg	ucugugcaguaggcuguggguu	ucugugcaguaggcuguggguuccaugcugacugacuuucucacuguccucugcacuagg	chr4:120973257..120973317:-
chr1_4723	-2.4	0 +/- 0%	-	2	2	0	0	yes	mmu-miR-133b-3p_MIMAT0000769_Mus_musculus_miR-133b-3p	-	-	-	uugguccccuucaaccagcuac	ggcuggucaaacggaaccaagu	ggcuggucaaacggaaccaaguccgucuuccugagagguuugguccccuucaaccagcuac	chr1:20682795..20682856:+
chr1_4877	-2.4	0 +/- 0%	-	10	8	0	2	no	mmu-miR-6901-3p_MIMAT0027703_Mus_musculus_miR-6901-3p	-	-	-	gaccuucuguguucuugcagcu	aagugcaggaaugcagaggacc	aagugcaggaaugcagaggaccucguggugaaaggaccuucuguguucuugcagcu	chr1:93274550..93274606:+
chr7_8920	-2.4	0 +/- 0%	-	10	10	0	0	no	mmu-miR-7048-3p_MIMAT0028001_Mus_musculus_miR-7048-3p	-	-	-	ucuuccauucucuuuccccag	ggggcugagaggugaggaag	ggggcugagaggugaggaagccgagauagcuucuuccauucucuuuccccag	chr7:25217667..25217719:-
chr1_5045	-2.4	0 +/- 0%	-	686	686	0	0	no	mmu-miR-194-5p_MIMAT0000224_Mus_musculus_miR-194-5p	-	-	-	uguaacagcaacuccaugugg	gagggaguaguguuuuaaagcu	gagggaguaguguuuuaaagcuaaggacccauccggcaaacugauggagucaucggguguaacagcaacuccaugugg	chr1:185313267..185313345:+
chr18_4053	-2.5	0 +/- 0%	-	4	4	0	0	yes	mmu-miR-1b-3p_MIMAT0017326_Mus_musculus_miR-1b-3p	-	-	-	uggguacauaaagaaguaugu	auacuucuuuacauuccaua	auacuucuuuacauuccauagcacugaauguucauauggguacauaaagaaguaugu	chr18:10785488..10785545:+
chr11_532	-2.5	0 +/- 0%	-	3462	3462	0	0	no	mmu-miR-103-3p_MIMAT0000546_Mus_musculus_miR-103-3p	-	-	-	agcagcauuguacagggcuauga	augcgguuugagugauaugugcugcuug	agcagcauuguacagggcuaugaaggcauugagacuuguucuucaugcgguuugagugauaugugcugcuug	chr11:35782446..35782518:+
chr12_1593	-2.5	0 +/- 0%	-	1503	1491	12	0	no	mmu-miR-485-5p_MIMAT0003128_Mus_musculus_miR-485-5p	-	-	-	agaggcuggccgugaugaauucg	auguguucuucaccaguguucu	auguguucuucaccaguguucuucgccagugaucaugugugauacuuggagagaggcuggccgugaugaauucg	chr12:109734858..109734932:+
chr1_5079	-2.5	0 +/- 0%	-	242	242	0	0	no	mmu-miR-29c-5p_MIMAT0004632_Mus_musculus_miR-29c-5p	-	-	-	ugaccgauuucuccugguguu	caccaccagucgguccau	caccaccagucgguccaucucuuacacaggcugaccgauuucuccugguguu	chr1:195037530..195037582:+
chr12_1545	-2.6	0 +/- 0%	-	9215	9210	0	5	no	mmu-miR-411-5p_MIMAT0004747_Mus_musculus_miR-411-5p	-	-	-	uaguagaccguauagcguacg	cugugugguacuuggagaga	cugugugguacuuggagagauaguagaccguauagcguacg	chr12:109710169..109710210:+
chr15_2861	-2.6	0 +/- 0%	-	71558	71558	0	0	no	mmu-let-7c-5p_MIMAT0000523_Mus_musculus_let-7c-5p	-	-	-	ugagguaguagguuguaugguu	ccacaacauccagcucuacg	ccacaacauccagcucuacgccaagacugacugacggccuuuggggugagguaguagguuguaugguu	chr15:85706569..85706637:+
chr17_3513	-2.6	0 +/- 0%	-	3837	3837	0	0	no	mmu-let-7e-5p_MIMAT0000524_Mus_musculus_let-7e-5p	-	-	-	ugagguaggagguuguauaguu	cugucaaucugcccaccugccgcgcc	cugucaaucugcccaccugccgcgccccccgggcugagguaggagguuguauaguu	chr17:17830331..17830387:+
chr11_1268	-2.7	0 +/- 0%	-	2	2	0	0	yes	mmu-miR-7236-3p_MIMAT0028441_Mus_musculus_miR-7236-3p	-	-	-	uuggaccgcacagauuuagacc	ccuaaaacugugugguccaaugcc	ccuaaaacugugugguccaaugccauuuaacuaccagguuggaccgcacagauuuagacc	chr11:121387144..121387204:-
chr5_7497	-2.8	0 +/- 0%	-	7690	7690	0	0	no	mmu-miR-218-5p_MIMAT0000663_Mus_musculus_miR-218-5p	-	-	-	uugugcuugaucuaaccaugu	gugguugguguagugauaaug	gugguugguguagugauaauggagcgagauuuucuguugugcuugaucuaaccaugu	chr5:48223929..48223986:+
chr19_4523	-2.8	0 +/- 0%	-	3429	3429	0	0	no	mmu-miR-146b-5p_MIMAT0003475_Mus_musculus_miR-146b-5p	-	-	-	ugagaacugaauuccauaggcug	gcccacagaagagagcucugcagg	gcccacagaagagagcucugcagggcaggcagcauccagacugagagaacuuuggccaccuggcucugagaacugaauuccauaggcug	chr19:46342723..46342812:+
chr18_4139	-3	0 +/- 0%	-	2	2	0	0	yes	mmu-miR-5107-3p_MIMAT0022985_Mus_musculus_miR-5107-3p	-	-	-	caaccugugcuucucuucccag	gggcagaggaggcagggacaa	gggcagaggaggcagggacaacaaacugguggcccagcuguaucaaccugugcuucucuucccag	chr18:60812086..60812151:+
chr2_5957	-3.1	0 +/- 0%	-	135	135	0	0	no	mmu-miR-130a-3p_MIMAT0000141_Mus_musculus_miR-130a-3p	-	-	-	cagugcaauguuaaaagggcauc	agccuccucagcaucacugca	cagugcaauguuaaaagggcaucggccuuguaguacuacccagugccggcagccuccucagcaucacugca	chr2:84741066..84741137:-
chr11_1068	-3.1	0 +/- 0%	-	2	2	0	0	yes	mmu-miR-7679-3p_MIMAT0029873_Mus_musculus_miR-7679-3p	-	-	-	aggaucccaggguaccaaccag	ggcuggcaccaggaucccuga	ggcuggcaccaggaucccugauuugagauucuuacugucaggaucccaggguaccaaccag	chr11:82985003..82985064:-
chr19_4521	-3.1	0 +/- 0%	-	3429	3429	0	0	no	mmu-miR-146b-5p_MIMAT0003475_Mus_musculus_miR-146b-5p	-	-	-	ugagaacugaauuccauaggcug	gcccacagaagagagcucugcagg	gcccacagaagagagcucugcagggcaggcagcauccagacugagagaacuuuggccaccuggcucugagaacugaauuccauaggcug	chr19:46342490..46342579:+
chr18_4140	-3.1	0 +/- 0%	-	2	2	0	0	yes	mmu-miR-5107-3p_MIMAT0022985_Mus_musculus_miR-5107-3p	-	-	-	caaccugugcuucucuucccag	gugaagacagaggccagcucugc	caaccugugcuucucuucccagucacccugugaagacagaggccagcucugc	chr18:60812129..60812181:+
chr5_7566	-3.1	0 +/- 0%	-	3	3	0	0	yes	mmu-miR-701-5p_MIMAT0003491_Mus_musculus_miR-701-5p	-	-	-	uuagccgcugaaauagaugga	uaucuauuaaagaggcuagcc	uuagccgcugaaauagauggauuguauagaugagguucuaucuauuaaagaggcuagcc	chr5:111004169..111004228:+
chr11_1082	-3.2	0 +/- 0%	-	6416	6416	0	0	no	mmu-miR-21a-5p_MIMAT0000530_Mus_musculus_miR-21a-5p	-	-	-	uagcuuaucagacugauguugac	cgugacaucgcauggcugua	cgugacaucgcauggcuguaccaccuugucggauagcuuaucagacugauguugac	chr11:86584118..86584174:-
chr15_3058	-3.2	0 +/- 0%	-	10	10	0	0	no	mmu-miR-7213-5p_MIMAT0028394_Mus_musculus_miR-7213-5p	-	-	-	acugggucucuugagguag	aucucagcucccccagaucu	aucucagcucccccagaucucuacccugcaaggaaaacuucguucaucucagacugggucucuugagguag	chr15:79999007..79999078:-
chr1_5043	-3.6	0 +/- 0%	-	115	115	0	0	no	mmu-miR-664-5p_MIMAT0017353_Mus_musculus_miR-664-5p	-	-	-	cuggcuggggaaaaugacugga	cagcccaggguccccucccugcu	cagcccaggguccccucccugcucugcuaauuagacuuuggaacauugaagcuggcuggggaaaaugacugga	chr1:185242923..185242996:+
chr13_2168	-3.7	0 +/- 0%	-	16501	16498	3	0	no	mmu-let-7a-5p_MIMAT0000521_Mus_musculus_let-7a-5p	-	-	-	ugagguaguagguuguauaguu	cugugauuacuuucaacauucacc	cugugauuacuuucaacauucacccuggauguucucuucacugugggaugagguaguagguuguauaguu	chr13:48538238..48538308:-
chr19_4637	-3.8	0 +/- 0%	-	3	3	0	0	yes	mmu-miR-3084-5p_MIMAT0014876_Mus_musculus_miR-3084-5p	-	-	-	guugaagguuaauuagcagagu	ucugccagucuccuucagaca	guugaagguuaauuagcagaguaacugaauauaguaauucugccagucuccuucagaca	chr19:24942238..24942297:-
chr1_5225	-3.8	0 +/- 0%	-	9	9	0	0	no	mmu-miR-6900-3p_MIMAT0027701_Mus_musculus_miR-6900-3p	-	-	-	uggugaugggcucucuuguagg	ucccggaguaccugccaccaca	uggugaugggcucucuuguagguguggaccacuauaaugaaauuaagcggcucacucucccggaguaccugccaccaca	chr1:92464424..92464503:-
chr19_4701	-3.8	0 +/- 0%	-	3	3	0	0	yes	mmu-miR-3084-5p_MIMAT0014876_Mus_musculus_miR-3084-5p	-	-	-	guugaagguuaauuagcagagu	ucugccagucuccuucagaca	guugaagguuaauuagcagaguaacugaauauaguaauucugccagucuccuucagaca	chr19:60774332..60774391:-
chr11_764	-4.2	0 +/- 0%	-	7	7	0	0	no	mmu-miR-8103_MIMAT0031407_Mus_musculus_miR-8103	-	-	-	ucuccuguucucuguucucccuc	gcaggagcaaagggcaugacagg	ucuccuguucucuguucucccucugacugcaggagcaaagggcaugacagg	chr11:97063828..97063879:+
chr15_2895	-4.4	0 +/- 0%	-	5	5	0	0	no	mmu-miR-7648-3p_MIMAT0029799_Mus_musculus_miR-7648-3p	-	-	-	agggcugggcccgggacg	uuccgggcucggcgcucc	uuccgggcucggcgcuccgggcugcccagggcugggcccgggacg	chr15:90224364..90224409:+
chr15_2896	-4.4	0 +/- 0%	-	5	5	0	0	no	mmu-miR-7648-3p_MIMAT0029799_Mus_musculus_miR-7648-3p	-	-	-	agggcugggcccgggacg	gcccgcccgcccgccaugg	agggcugggcccgggacgcggcugcccgcccgcccgcccgcccgccaugg	chr15:90224391..90224441:+
chr19_4484	-4.6	0 +/- 0%	-	120	120	0	0	no	mmu-miR-3970_MIMAT0019355_Mus_musculus_miR-3970	-	-	-	ugagguuguaguuugugcuu	gcagaaaccagcaucacccuuuug	ugagguuguaguuugugcuuucuaucuuguagagauuucaauacucaguaugaagcagaaaccagcaucacccuuuug	chr19:33157120..33157198:+
chr17_3629	-4.8	0 +/- 0%	-	6	6	0	0	no	mmu-miR-6975-3p_MIMAT0027853_Mus_musculus_miR-6975-3p	-	-	-	ugucucuccuuucuccuccuagu	gcuggggagaaagggguuuggcacg	gcuggggagaaagggguuuggcacggugcaaaaaugucucuccuuucuccuccuagu	chr17:35244079..35244136:+
chr4_7248	-5	0 +/- 0%	-	5	5	0	0	no	mmu-miR-7226-3p_MIMAT0028421_Mus_musculus_miR-7226-3p	-	-	-	ugacacagccauucucugagca	ccagggaaguugauugugugaaggg	ccagggaaguugauugugugaagggagcaggacuccugacacagccauucucugagca	chr4:118210505..118210563:-
chr5_7970	-5	0 +/- 0%	-	32	32	0	0	no	mmu-let-7k_MIMAT0025580_Mus_musculus_let-7k	-	-	-	ugagguaggagguugugugc	ccacagcccuaacccuag	ccacagcccuaacccuagccugagguaggagguugugugc	chr5:147283255..147283295:-
chr2_6166	-5.1	0 +/- 0%	-	5	5	0	0	no	mmu-miR-7006-3p_MIMAT0027917_Mus_musculus_miR-7006-3p	-	-	-	uuucugaccuggauccccagg	uggggguguucaagacuugggaacc	uggggguguucaagacuugggaaccuggcugauuucuuaccugguuucugaccuggauccccagg	chr2:181587898..181587963:-
chr3_6290	-5.8	0 +/- 0%	-	3	3	0	0	no	mmu-miR-8120_MIMAT0031426_Mus_musculus_miR-8120	-	-	-	ugugccuugcaacuuccgagc	ccggcuaaggagcagggcacccc	ugugccuugcaacuuccgagccggaaacuuccuggccggcuaaggagcagggcacccc	chr3:65659327..65659385:+
chr17_3551	-6	0 +/- 0%	-	4	4	0	0	no	mmu-miR-5125_MIMAT0020635_Mus_musculus_miR-5125	-	-	-	uucugccugggauuuccuugu	aaggagagccccaugccuuugg	aaggagagccccaugccuuuggacaugcuguuccuucugccugggauuuccuugu	chr17:23823303..23823358:+
chr7_8857	-6	0 +/- 0%	-	4	4	0	0	no	mmu-miR-3104-3p_MIMAT0014940_Mus_musculus_miR-3104-3p	-	-	-	acgcucugcuuugcucccccaga	uagggggcaggagccggagcccucu	uagggggcaggagccggagcccucugcugaacugacagacgcucugcuuugcucccccaga	chr7:141992179..141992240:+
chr11_583	-6.1	0 +/- 0%	-	3	3	0	0	no	mmu-miR-5100_MIMAT0020607_Mus_musculus_miR-5100	-	-	-	aucccagcggugccucuu	gaggacuugggaacu	gaggacuugggaacugaagagcagaguucgaaucccagcggugccucuu	chr11:60728670..60728719:+
chr16_3156	-6.2	0 +/- 0%	-	4	4	0	0	no	mmu-miR-193b-3p_MIMAT0004859_Mus_musculus_miR-193b-3p	-	-	-	aacuggcccacaaagucccgcu	cgcuggagggagaacagugac	aacuggcccacaaagucccgcuuuuggggucauccuaacagcaaaggauucaggccuuggcagcgcuggagggagaacagugac	chr16:13449569..13449653:+
chr9_9833	-6.3	0 +/- 0%	-	16497	16497	0	0	no	mmu-let-7a-5p_MIMAT0000521_Mus_musculus_let-7a-5p	-	-	-	ugagguaguagguuguauaguu	cuaacaugaaauugcagagc	cuaacaugaaauugcagagcuugagaauggguagcucuccagccauugugacugcauguucccagguugagguaguagguuguauaguu	chr9:41536664..41536753:+
chr1_5380	-6.4	0 +/- 0%	-	658	658	0	0	no	mmu-miR-205-5p_MIMAT0000238_Mus_musculus_miR-205-5p	-	-	-	uccuucauuccaccggagucugu	agcacuacacgaggaggcuuaguagaca	agcacuacacgaggaggcuuaguagacaaacagccccagacaauccauggguccucuuguccuucauuccaccggagucugu	chr1:193507501..193507583:-
chr1_5047	-6.8	0 +/- 0%	-	4	4	0	0	no	mmu-miR-215-5p_MIMAT0000904_Mus_musculus_miR-215-5p	-	-	-	augaccuaugauuugacagacc	gcucucagcaucaacgguguacagga	gcucucagcaucaacgguguacaggagaaugaccuaugauuugacagacc	chr1:185313581..185313631:+
chr9_10204	-8.1	0 +/- 0%	-	6	6	0	0	no	mmu-miR-190a-5p_MIMAT0000220_Mus_musculus_miR-190a-5p	-	-	-	ugauauguuugauauauuaggu	cauauucucaagcucagucaaa	cauauucucaagcucagucaaaccuggaugccuuuucugcaggccucugugugauauguuugauauauuaggu	chr9:67236699..67236772:-
chrX_10690	-8.2	0 +/- 0%	-	12	12	0	0	no	mmu-miR-450b-5p_MIMAT0003511_Mus_musculus_miR-450b-5p	-	-	-	uuuugcaguauguuccugaaua	uuuauaauaggaaucagauacagaauu	uuuauaauaggaaucagauacagaauuauuuuugcaguauguuccugaaua	chrX:53048043..53048094:-
chr3_6464	-10.5	0.00 +/- 0.00	-	2162	2162	0	0	no	mmu-let-7j_MIMAT0025123_Mus_musculus_let-7j	-	-	-	ugagguauuaguuugugcuguua	ccuugcucagauuaaaagccuggag	ugagguauuaguuugugcuguuauaugaaucgaauaauaucccuugcucagauuaaaagccuggag	chr3:140028280..140028346:+
chr1_5214	-12.7	0.00 +/- 0.00	-	36	36	0	0	no	mmu-miR-3535_MIMAT0031410_Mus_musculus_miR-3535	-	-	-	uggauaugaugacugauuacc	ggggcugucuuuauguuguug	ggggcugucuuuauguuguugcugagaaaaugacaacuggauaugaugacugauuacc	chr1:86352066..86352124:-
chr3_6299	-16.8	0.00 +/- 0.00	-	670	668	0	2	no	mmu-miR-16-5p_MIMAT0000527_Mus_musculus_miR-16-5p	-	-	-	uagcagcacguaaauauuggc	ucugacaugcuuguuccacuc	ucugacaugcuuguuccacucuagcagcacguaaauauuggc	chr3:69009896..69009938:+
chr3_6491	-24.9	0.00 +/- 0.00	-	2334	2334	0	0	no	mmu-miR-186-5p_MIMAT0000215_Mus_musculus_miR-186-5p	-	-	-	caaagaauucuccuuuuggg	caaacauuuaauugcuuacaa	caaacauuuaauugcuuacaacuuuccaaagaauucuccuuuuggg	chr3:157544258..157544304:+
